[
  {
    "first_name": "Alfons",
    "last_name": "Warsame",
    "full_name": "Alfons Warsame"
  },
  {
    "first_name": "Carline",
    "last_name": "Redinger",
    "full_name": "Carline Redinger"
  },
  {
    "first_name": "Victor",
    "last_name": "Sinsel",
    "full_name": "Victor Sinsel"
  },
  { "first_name": "Amit", "last_name": "Traore", "full_name": "Amit Traore" },
  {
    "first_name": "Roelinda",
    "last_name": "Munkers",
    "full_name": "Roelinda Munkers"
  },
  {
    "first_name": "Angelle",
    "last_name": "Zelasko",
    "full_name": "Angelle Zelasko"
  },
  { "first_name": "Nila", "last_name": "Basset", "full_name": "Nila Basset" },
  {
    "first_name": "Kristan",
    "last_name": "Penichet",
    "full_name": "Kristan Penichet"
  },
  { "first_name": "Indigo", "last_name": "Boror", "full_name": "Indigo Boror" },
  {
    "first_name": "Funda",
    "last_name": "Monarez",
    "full_name": "Funda Monarez"
  },
  { "first_name": "Manita", "last_name": "Gahm", "full_name": "Manita Gahm" },
  {
    "first_name": "Chamilla",
    "last_name": "Sokolski",
    "full_name": "Chamilla Sokolski"
  },
  {
    "first_name": "Fabi\u00ebnne",
    "last_name": "Schnorr",
    "full_name": "Fabi\u00ebnne Schnorr"
  },
  {
    "first_name": "S\u00fcmeyye",
    "last_name": "Questell",
    "full_name": "S\u00fcmeyye Questell"
  },
  { "first_name": "Marie", "last_name": "Majeed", "full_name": "Marie Majeed" },
  { "first_name": "Melle", "last_name": "Nostro", "full_name": "Melle Nostro" },
  { "first_name": "Misha", "last_name": "Pias", "full_name": "Misha Pias" },
  {
    "first_name": "No\u00eblle",
    "last_name": "Dolittle",
    "full_name": "No\u00eblle Dolittle"
  },
  {
    "first_name": "Fatema",
    "last_name": "Katopodis",
    "full_name": "Fatema Katopodis"
  },
  {
    "first_name": "Stefano",
    "last_name": "Parese",
    "full_name": "Stefano Parese"
  },
  { "first_name": "Jamie", "last_name": "Polise", "full_name": "Jamie Polise" },
  {
    "first_name": "Sofieke",
    "last_name": "Vandeweerd",
    "full_name": "Sofieke Vandeweerd"
  },
  {
    "first_name": "Am\u00e9lie",
    "last_name": "Loprete",
    "full_name": "Am\u00e9lie Loprete"
  },
  {
    "first_name": "Sil",
    "last_name": "Chagollan",
    "full_name": "Sil Chagollan"
  },
  {
    "first_name": "Cemil",
    "last_name": "Lindbergh",
    "full_name": "Cemil Lindbergh"
  },
  {
    "first_name": "Esper",
    "last_name": "Wypasek",
    "full_name": "Esper Wypasek"
  },
  {
    "first_name": "Georgius",
    "last_name": "Rachow",
    "full_name": "Georgius Rachow"
  },
  {
    "first_name": "Jaantje",
    "last_name": "Hensleigh",
    "full_name": "Jaantje Hensleigh"
  },
  {
    "first_name": "Samora",
    "last_name": "Orologio",
    "full_name": "Samora Orologio"
  },
  {
    "first_name": "Angelique",
    "last_name": "Hargon",
    "full_name": "Angelique Hargon"
  },
  {
    "first_name": "Shady",
    "last_name": "Dalgarn",
    "full_name": "Shady Dalgarn"
  },
  {
    "first_name": "Kick",
    "last_name": "Vondriska",
    "full_name": "Kick Vondriska"
  },
  { "first_name": "Sheryl", "last_name": "Swart", "full_name": "Sheryl Swart" },
  {
    "first_name": "Akif",
    "last_name": "Famiglietti",
    "full_name": "Akif Famiglietti"
  },
  {
    "first_name": "Casandra",
    "last_name": "Syas",
    "full_name": "Casandra Syas"
  },
  { "first_name": "Vita", "last_name": "Saich", "full_name": "Vita Saich" },
  { "first_name": "Leone", "last_name": "Taddia", "full_name": "Leone Taddia" },
  { "first_name": "Randy", "last_name": "Trippi", "full_name": "Randy Trippi" },
  {
    "first_name": "Valencia",
    "last_name": "Pippens",
    "full_name": "Valencia Pippens"
  },
  {
    "first_name": "Charl",
    "last_name": "Mcconaughy",
    "full_name": "Charl Mcconaughy"
  },
  {
    "first_name": "Jihane",
    "last_name": "Matyja",
    "full_name": "Jihane Matyja"
  },
  { "first_name": "Malte", "last_name": "Iacono", "full_name": "Malte Iacono" },
  { "first_name": "Harke", "last_name": "Maroun", "full_name": "Harke Maroun" },
  {
    "first_name": "Maeve",
    "last_name": "Appelquist",
    "full_name": "Maeve Appelquist"
  },
  {
    "first_name": "Raman",
    "last_name": "Rawlins",
    "full_name": "Raman Rawlins"
  },
  {
    "first_name": "Ference",
    "last_name": "Feurt",
    "full_name": "Ference Feurt"
  },
  { "first_name": "Imran", "last_name": "Vevea", "full_name": "Imran Vevea" },
  {
    "first_name": "Wouterina",
    "last_name": "Estis",
    "full_name": "Wouterina Estis"
  },
  { "first_name": "Funda", "last_name": "Mohar", "full_name": "Funda Mohar" },
  { "first_name": "Vinnie", "last_name": "Zwald", "full_name": "Vinnie Zwald" },
  {
    "first_name": "Carmel",
    "last_name": "Delauter",
    "full_name": "Carmel Delauter"
  },
  {
    "first_name": "Christos",
    "last_name": "Menichini",
    "full_name": "Christos Menichini"
  },
  {
    "first_name": "No\u00eblla",
    "last_name": "Lapetina",
    "full_name": "No\u00eblla Lapetina"
  },
  { "first_name": "Tymo", "last_name": "Vagner", "full_name": "Tymo Vagner" },
  { "first_name": "Niko", "last_name": "Polsley", "full_name": "Niko Polsley" },
  {
    "first_name": "Sebas",
    "last_name": "Manalastas",
    "full_name": "Sebas Manalastas"
  },
  {
    "first_name": "Justinus",
    "last_name": "Stenner",
    "full_name": "Justinus Stenner"
  },
  {
    "first_name": "Mechteld",
    "last_name": "Vanhaaren",
    "full_name": "Mechteld Vanhaaren"
  },
  {
    "first_name": "Marlin",
    "last_name": "Prestifilippo",
    "full_name": "Marlin Prestifilippo"
  },
  {
    "first_name": "Aartie",
    "last_name": "Bialko",
    "full_name": "Aartie Bialko"
  },
  { "first_name": "Pieter", "last_name": "Walke", "full_name": "Pieter Walke" },
  {
    "first_name": "Nova",
    "last_name": "Bronstein",
    "full_name": "Nova Bronstein"
  },
  {
    "first_name": "Daniel",
    "last_name": "Briton",
    "full_name": "Daniel Briton"
  },
  {
    "first_name": "Resa",
    "last_name": "Kennicott",
    "full_name": "Resa Kennicott"
  },
  {
    "first_name": "Annerieke",
    "last_name": "Rambharose",
    "full_name": "Annerieke Rambharose"
  },
  {
    "first_name": "Mallory",
    "last_name": "Ligenza",
    "full_name": "Mallory Ligenza"
  },
  { "first_name": "Saba", "last_name": "Charris", "full_name": "Saba Charris" },
  { "first_name": "Imraan", "last_name": "Tanis", "full_name": "Imraan Tanis" },
  { "first_name": "Edmund", "last_name": "Renda", "full_name": "Edmund Renda" },
  {
    "first_name": "Daphne",
    "last_name": "Rickrode",
    "full_name": "Daphne Rickrode"
  },
  { "first_name": "Albin", "last_name": "Bayly", "full_name": "Albin Bayly" },
  {
    "first_name": "Feyzullah",
    "last_name": "Lebovits",
    "full_name": "Feyzullah Lebovits"
  },
  {
    "first_name": "Marlot",
    "last_name": "Bettman",
    "full_name": "Marlot Bettman"
  },
  {
    "first_name": "Kicky",
    "last_name": "Mckeand",
    "full_name": "Kicky Mckeand"
  },
  { "first_name": "Boet", "last_name": "Kimple", "full_name": "Boet Kimple" },
  {
    "first_name": "Rishma",
    "last_name": "Popken",
    "full_name": "Rishma Popken"
  },
  {
    "first_name": "Zo\u00eb",
    "last_name": "Kroker",
    "full_name": "Zo\u00eb Kroker"
  },
  {
    "first_name": "Rach\u00e8lle",
    "last_name": "Salvadore",
    "full_name": "Rach\u00e8lle Salvadore"
  },
  {
    "first_name": "Emmanuella",
    "last_name": "Bader",
    "full_name": "Emmanuella Bader"
  },
  {
    "first_name": "Rahime",
    "last_name": "Withington",
    "full_name": "Rahime Withington"
  },
  { "first_name": "Talip", "last_name": "Keevil", "full_name": "Talip Keevil" },
  {
    "first_name": "Joeri",
    "last_name": "Koestner",
    "full_name": "Joeri Koestner"
  },
  {
    "first_name": "Lindsay",
    "last_name": "Bornhoft",
    "full_name": "Lindsay Bornhoft"
  },
  {
    "first_name": "Maral",
    "last_name": "Pilotti",
    "full_name": "Maral Pilotti"
  },
  {
    "first_name": "Hendrieke",
    "last_name": "Bendas",
    "full_name": "Hendrieke Bendas"
  },
  { "first_name": "Loris", "last_name": "Cacia", "full_name": "Loris Cacia" },
  { "first_name": "Clara", "last_name": "Kaneda", "full_name": "Clara Kaneda" },
  {
    "first_name": "Bobbi",
    "last_name": "Gruenke",
    "full_name": "Bobbi Gruenke"
  },
  {
    "first_name": "Valerio",
    "last_name": "Bilson",
    "full_name": "Valerio Bilson"
  },
  {
    "first_name": "Armin",
    "last_name": "Santori",
    "full_name": "Armin Santori"
  },
  { "first_name": "Eve", "last_name": "Duba", "full_name": "Eve Duba" },
  { "first_name": "Edmar", "last_name": "Aytes", "full_name": "Edmar Aytes" },
  {
    "first_name": "Jacomijntje",
    "last_name": "Wrona",
    "full_name": "Jacomijntje Wrona"
  },
  { "first_name": "Noud", "last_name": "Kahsay", "full_name": "Noud Kahsay" },
  { "first_name": "Raoul", "last_name": "Carro", "full_name": "Raoul Carro" },
  { "first_name": "Damir", "last_name": "Claver", "full_name": "Damir Claver" },
  {
    "first_name": "Rajni",
    "last_name": "Tonsager",
    "full_name": "Rajni Tonsager"
  },
  { "first_name": "Kaz", "last_name": "Bernard", "full_name": "Kaz Bernard" },
  {
    "first_name": "Saffira",
    "last_name": "Mcsparren",
    "full_name": "Saffira Mcsparren"
  },
  {
    "first_name": "No\u00e9",
    "last_name": "Deniro",
    "full_name": "No\u00e9 Deniro"
  },
  { "first_name": "Jean", "last_name": "Hollows", "full_name": "Jean Hollows" },
  { "first_name": "Lynne", "last_name": "Lola", "full_name": "Lynne Lola" },
  {
    "first_name": "Vincenzo",
    "last_name": "Samy",
    "full_name": "Vincenzo Samy"
  },
  { "first_name": "Yade", "last_name": "Sirko", "full_name": "Yade Sirko" },
  {
    "first_name": "Hieke",
    "last_name": "Barczynski",
    "full_name": "Hieke Barczynski"
  },
  {
    "first_name": "Frieda",
    "last_name": "Kijowski",
    "full_name": "Frieda Kijowski"
  },
  {
    "first_name": "Naouar",
    "last_name": "Califf",
    "full_name": "Naouar Califf"
  },
  { "first_name": "Ling", "last_name": "Hegger", "full_name": "Ling Hegger" },
  { "first_name": "Zana", "last_name": "Arcinas", "full_name": "Zana Arcinas" },
  {
    "first_name": "Germaine",
    "last_name": "Commer",
    "full_name": "Germaine Commer"
  },
  {
    "first_name": "Marrigje",
    "last_name": "Player",
    "full_name": "Marrigje Player"
  },
  {
    "first_name": "Vibeke",
    "last_name": "Riberdy",
    "full_name": "Vibeke Riberdy"
  },
  { "first_name": "Jesse", "last_name": "Aver", "full_name": "Jesse Aver" },
  {
    "first_name": "Pleunie",
    "last_name": "Mattern",
    "full_name": "Pleunie Mattern"
  },
  { "first_name": "Aysel", "last_name": "Labar", "full_name": "Aysel Labar" },
  {
    "first_name": "Constance",
    "last_name": "Camello",
    "full_name": "Constance Camello"
  },
  {
    "first_name": "Nikki",
    "last_name": "Bearnson",
    "full_name": "Nikki Bearnson"
  },
  { "first_name": "Chenna", "last_name": "Elser", "full_name": "Chenna Elser" },
  {
    "first_name": "Adina",
    "last_name": "Darbonne",
    "full_name": "Adina Darbonne"
  },
  { "first_name": "Fadi", "last_name": "Hilsgen", "full_name": "Fadi Hilsgen" },
  {
    "first_name": "Ouma\u00efma",
    "last_name": "Salavarria",
    "full_name": "Ouma\u00efma Salavarria"
  },
  {
    "first_name": "Fianne",
    "last_name": "Zeballos",
    "full_name": "Fianne Zeballos"
  },
  {
    "first_name": "Jacoline",
    "last_name": "Chait",
    "full_name": "Jacoline Chait"
  },
  { "first_name": "Cas", "last_name": "Esaki", "full_name": "Cas Esaki" },
  { "first_name": "Tymo", "last_name": "Fakih", "full_name": "Tymo Fakih" },
  {
    "first_name": "Jannie",
    "last_name": "Schehl",
    "full_name": "Jannie Schehl"
  },
  { "first_name": "Yorin", "last_name": "Topaz", "full_name": "Yorin Topaz" },
  { "first_name": "Noa", "last_name": "Jamison", "full_name": "Noa Jamison" },
  { "first_name": "Tiana", "last_name": "Otten", "full_name": "Tiana Otten" },
  {
    "first_name": "Clifton",
    "last_name": "Rhinerson",
    "full_name": "Clifton Rhinerson"
  },
  { "first_name": "Tinus", "last_name": "Popoca", "full_name": "Tinus Popoca" },
  {
    "first_name": "Natacha",
    "last_name": "Polos",
    "full_name": "Natacha Polos"
  },
  { "first_name": "Lis", "last_name": "Mikush", "full_name": "Lis Mikush" },
  {
    "first_name": "Gerry",
    "last_name": "Duchscherer",
    "full_name": "Gerry Duchscherer"
  },
  {
    "first_name": "Marisca",
    "last_name": "Hilsman",
    "full_name": "Marisca Hilsman"
  },
  { "first_name": "Roanne", "last_name": "Feal", "full_name": "Roanne Feal" },
  { "first_name": "Maike", "last_name": "Glab", "full_name": "Maike Glab" },
  {
    "first_name": "Norbertus",
    "last_name": "Jurk",
    "full_name": "Norbertus Jurk"
  },
  {
    "first_name": "Korstiaan",
    "last_name": "Camia",
    "full_name": "Korstiaan Camia"
  },
  {
    "first_name": "Francisco",
    "last_name": "Leclair",
    "full_name": "Francisco Leclair"
  },
  { "first_name": "Jettie", "last_name": "Rank", "full_name": "Jettie Rank" },
  { "first_name": "Romina", "last_name": "Doran", "full_name": "Romina Doran" },
  { "first_name": "Esmay", "last_name": "Silvy", "full_name": "Esmay Silvy" },
  {
    "first_name": "Maickel",
    "last_name": "Nortey",
    "full_name": "Maickel Nortey"
  },
  {
    "first_name": "Myrle",
    "last_name": "Melikyan",
    "full_name": "Myrle Melikyan"
  },
  { "first_name": "Feije", "last_name": "Kort", "full_name": "Feije Kort" },
  {
    "first_name": "Niall",
    "last_name": "Sodowsky",
    "full_name": "Niall Sodowsky"
  },
  {
    "first_name": "Vernon",
    "last_name": "Delagrange",
    "full_name": "Vernon Delagrange"
  },
  { "first_name": "Jolan", "last_name": "Vallon", "full_name": "Jolan Vallon" },
  {
    "first_name": "Vivienne",
    "last_name": "Emerine",
    "full_name": "Vivienne Emerine"
  },
  {
    "first_name": "Rowdy",
    "last_name": "Schickel",
    "full_name": "Rowdy Schickel"
  },
  {
    "first_name": "Nella",
    "last_name": "Ciancimino",
    "full_name": "Nella Ciancimino"
  },
  {
    "first_name": "Nanda",
    "last_name": "Mansour",
    "full_name": "Nanda Mansour"
  },
  {
    "first_name": "Arnaud",
    "last_name": "Bordwine",
    "full_name": "Arnaud Bordwine"
  },
  {
    "first_name": "Menna",
    "last_name": "Cheslik",
    "full_name": "Menna Cheslik"
  },
  {
    "first_name": "Maybritt",
    "last_name": "Kathleen",
    "full_name": "Maybritt Kathleen"
  },
  {
    "first_name": "Anneke",
    "last_name": "Mclester",
    "full_name": "Anneke Mclester"
  },
  { "first_name": "Anya", "last_name": "Sorola", "full_name": "Anya Sorola" },
  {
    "first_name": "Fahri",
    "last_name": "Chesney",
    "full_name": "Fahri Chesney"
  },
  {
    "first_name": "Dominik",
    "last_name": "Pagnani",
    "full_name": "Dominik Pagnani"
  },
  { "first_name": "Yme", "last_name": "Knizek", "full_name": "Yme Knizek" },
  { "first_name": "Fallon", "last_name": "Merkl", "full_name": "Fallon Merkl" },
  {
    "first_name": "Brian",
    "last_name": "Panchana",
    "full_name": "Brian Panchana"
  },
  {
    "first_name": "Pelle",
    "last_name": "Evancho",
    "full_name": "Pelle Evancho"
  },
  {
    "first_name": "Thalita",
    "last_name": "Truglio",
    "full_name": "Thalita Truglio"
  },
  {
    "first_name": "Jacomijntje",
    "last_name": "Ladenburger",
    "full_name": "Jacomijntje Ladenburger"
  },
  {
    "first_name": "Elana",
    "last_name": "Shinabargar",
    "full_name": "Elana Shinabargar"
  },
  {
    "first_name": "Bernardus",
    "last_name": "Basin",
    "full_name": "Bernardus Basin"
  },
  { "first_name": "Binc", "last_name": "Fili", "full_name": "Binc Fili" },
  { "first_name": "Imar", "last_name": "Walcher", "full_name": "Imar Walcher" },
  { "first_name": "Doha", "last_name": "Maskel", "full_name": "Doha Maskel" },
  {
    "first_name": "Riley",
    "last_name": "Laspisa",
    "full_name": "Riley Laspisa"
  },
  {
    "first_name": "Nadir",
    "last_name": "Schmude",
    "full_name": "Nadir Schmude"
  },
  { "first_name": "Sara", "last_name": "Mackert", "full_name": "Sara Mackert" },
  {
    "first_name": "Ayleen",
    "last_name": "Maslov",
    "full_name": "Ayleen Maslov"
  },
  {
    "first_name": "Danisha",
    "last_name": "Gallegos",
    "full_name": "Danisha Gallegos"
  },
  { "first_name": "Lesly", "last_name": "Belker", "full_name": "Lesly Belker" },
  {
    "first_name": "R\u00e9my",
    "last_name": "Gliem",
    "full_name": "R\u00e9my Gliem"
  },
  { "first_name": "Ben", "last_name": "Carn", "full_name": "Ben Carn" },
  {
    "first_name": "\u0160tefan",
    "last_name": "Bonson",
    "full_name": "\u0160tefan Bonson"
  },
  {
    "first_name": "Nargis",
    "last_name": "Balassone",
    "full_name": "Nargis Balassone"
  },
  {
    "first_name": "Tolgahan",
    "last_name": "Bovard",
    "full_name": "Tolgahan Bovard"
  },
  { "first_name": "Nur", "last_name": "Misiolek", "full_name": "Nur Misiolek" },
  { "first_name": "Kaan", "last_name": "Hoggard", "full_name": "Kaan Hoggard" },
  {
    "first_name": "Sieme",
    "last_name": "Corless",
    "full_name": "Sieme Corless"
  },
  {
    "first_name": "Nikhil",
    "last_name": "Lunder",
    "full_name": "Nikhil Lunder"
  },
  { "first_name": "Meghan", "last_name": "Zajda", "full_name": "Meghan Zajda" },
  { "first_name": "Harke", "last_name": "Hiott", "full_name": "Harke Hiott" },
  {
    "first_name": "Rayan",
    "last_name": "Sheckles",
    "full_name": "Rayan Sheckles"
  },
  {
    "first_name": "Jorre",
    "last_name": "Smuckler",
    "full_name": "Jorre Smuckler"
  },
  {
    "first_name": "Shaira",
    "last_name": "Pecinovsky",
    "full_name": "Shaira Pecinovsky"
  },
  {
    "first_name": "Krista",
    "last_name": "Znidarsic",
    "full_name": "Krista Znidarsic"
  },
  {
    "first_name": "Gerrit",
    "last_name": "Smedberg",
    "full_name": "Gerrit Smedberg"
  },
  {
    "first_name": "Safiye",
    "last_name": "Buesking",
    "full_name": "Safiye Buesking"
  },
  { "first_name": "Melody", "last_name": "Coban", "full_name": "Melody Coban" },
  {
    "first_name": "Pieke",
    "last_name": "Malliet",
    "full_name": "Pieke Malliet"
  },
  { "first_name": "Durk", "last_name": "Hortman", "full_name": "Durk Hortman" },
  {
    "first_name": "Wolter",
    "last_name": "Colecchi",
    "full_name": "Wolter Colecchi"
  },
  {
    "first_name": "Rinke",
    "last_name": "Skeeter",
    "full_name": "Rinke Skeeter"
  },
  { "first_name": "Sid", "last_name": "Earcia", "full_name": "Sid Earcia" },
  {
    "first_name": "Rayan",
    "last_name": "Laurenzana",
    "full_name": "Rayan Laurenzana"
  },
  {
    "first_name": "Emmeke",
    "last_name": "Chaffee",
    "full_name": "Emmeke Chaffee"
  },
  {
    "first_name": "Yosef",
    "last_name": "Lamborne",
    "full_name": "Yosef Lamborne"
  },
  { "first_name": "Miran", "last_name": "Abelow", "full_name": "Miran Abelow" },
  {
    "first_name": "Elliot",
    "last_name": "Bergsma",
    "full_name": "Elliot Bergsma"
  },
  {
    "first_name": "Maryam",
    "last_name": "Seighman",
    "full_name": "Maryam Seighman"
  },
  {
    "first_name": "Frederic",
    "last_name": "Scheidemantel",
    "full_name": "Frederic Scheidemantel"
  },
  { "first_name": "Sven", "last_name": "Treinen", "full_name": "Sven Treinen" },
  {
    "first_name": "Storm",
    "last_name": "Marbrey",
    "full_name": "Storm Marbrey"
  },
  { "first_name": "Kuno", "last_name": "Sparks", "full_name": "Kuno Sparks" },
  {
    "first_name": "D'Angelo",
    "last_name": "Dustin",
    "full_name": "D'Angelo Dustin"
  },
  { "first_name": "Abe", "last_name": "Doser", "full_name": "Abe Doser" },
  {
    "first_name": "Gerie",
    "last_name": "Batterton",
    "full_name": "Gerie Batterton"
  },
  { "first_name": "Sal", "last_name": "Dobler", "full_name": "Sal Dobler" },
  { "first_name": "Iggy", "last_name": "Clipner", "full_name": "Iggy Clipner" },
  { "first_name": "Lucie", "last_name": "Hithe", "full_name": "Lucie Hithe" },
  { "first_name": "Kofi", "last_name": "Cadengo", "full_name": "Kofi Cadengo" },
  {
    "first_name": "Marilva",
    "last_name": "Basilio",
    "full_name": "Marilva Basilio"
  },
  { "first_name": "Aaltje", "last_name": "Pozo", "full_name": "Aaltje Pozo" },
  {
    "first_name": "Shaira",
    "last_name": "Fleissner",
    "full_name": "Shaira Fleissner"
  },
  {
    "first_name": "Val\u00e8rie",
    "last_name": "Evenson",
    "full_name": "Val\u00e8rie Evenson"
  },
  {
    "first_name": "Mira",
    "last_name": "Logiudice",
    "full_name": "Mira Logiudice"
  },
  {
    "first_name": "Jale",
    "last_name": "Bursztyn",
    "full_name": "Jale Bursztyn"
  },
  {
    "first_name": "Philippa",
    "last_name": "Freemyer",
    "full_name": "Philippa Freemyer"
  },
  {
    "first_name": "Alparslan",
    "last_name": "Mongan",
    "full_name": "Alparslan Mongan"
  },
  {
    "first_name": "Pjotr",
    "last_name": "Fremstad",
    "full_name": "Pjotr Fremstad"
  },
  { "first_name": "Clarice", "last_name": "Sohi", "full_name": "Clarice Sohi" },
  { "first_name": "Len", "last_name": "Skorupa", "full_name": "Len Skorupa" },
  {
    "first_name": "Kavish",
    "last_name": "Maberry",
    "full_name": "Kavish Maberry"
  },
  {
    "first_name": "Alien",
    "last_name": "Pilewski",
    "full_name": "Alien Pilewski"
  },
  {
    "first_name": "Kasim",
    "last_name": "Mcaninch",
    "full_name": "Kasim Mcaninch"
  },
  { "first_name": "Mark", "last_name": "Burlile", "full_name": "Mark Burlile" },
  {
    "first_name": "Giuseppe",
    "last_name": "Escobio",
    "full_name": "Giuseppe Escobio"
  },
  { "first_name": "Esri", "last_name": "Hibbett", "full_name": "Esri Hibbett" },
  {
    "first_name": "C\u00e9lina",
    "last_name": "Shontz",
    "full_name": "C\u00e9lina Shontz"
  },
  {
    "first_name": "Sidi",
    "last_name": "Rouillard",
    "full_name": "Sidi Rouillard"
  },
  {
    "first_name": "Christiano",
    "last_name": "Havemann",
    "full_name": "Christiano Havemann"
  },
  {
    "first_name": "Marretje",
    "last_name": "Chilcutt",
    "full_name": "Marretje Chilcutt"
  },
  {
    "first_name": "Georgios",
    "last_name": "Breslauer",
    "full_name": "Georgios Breslauer"
  },
  {
    "first_name": "Lieve",
    "last_name": "Unkrich",
    "full_name": "Lieve Unkrich"
  },
  { "first_name": "Jan", "last_name": "Boutelle", "full_name": "Jan Boutelle" },
  { "first_name": "Jouri", "last_name": "Meler", "full_name": "Jouri Meler" },
  { "first_name": "Jia", "last_name": "Autorino", "full_name": "Jia Autorino" },
  {
    "first_name": "Wiepke",
    "last_name": "Tillou",
    "full_name": "Wiepke Tillou"
  },
  {
    "first_name": "Ratna",
    "last_name": "Hoesing",
    "full_name": "Ratna Hoesing"
  },
  { "first_name": "Minou", "last_name": "Gidel", "full_name": "Minou Gidel" },
  { "first_name": "Aris", "last_name": "Ladrach", "full_name": "Aris Ladrach" },
  {
    "first_name": "Selwyn",
    "last_name": "Latkowski",
    "full_name": "Selwyn Latkowski"
  },
  { "first_name": "Seray", "last_name": "Vietri", "full_name": "Seray Vietri" },
  {
    "first_name": "Crijn",
    "last_name": "Friedmeyer",
    "full_name": "Crijn Friedmeyer"
  },
  {
    "first_name": "Fr\u00e9d\u00e9ric",
    "last_name": "Rambert",
    "full_name": "Fr\u00e9d\u00e9ric Rambert"
  },
  {
    "first_name": "Lambert",
    "last_name": "Tenhave",
    "full_name": "Lambert Tenhave"
  },
  {
    "first_name": "Elvera",
    "last_name": "Mudget",
    "full_name": "Elvera Mudget"
  },
  { "first_name": "Saad", "last_name": "Jrsmith", "full_name": "Saad Jrsmith" },
  {
    "first_name": "Dwight",
    "last_name": "Windfelder",
    "full_name": "Dwight Windfelder"
  },
  { "first_name": "Janice", "last_name": "Naea", "full_name": "Janice Naea" },
  {
    "first_name": "Marijn",
    "last_name": "Oliphint",
    "full_name": "Marijn Oliphint"
  },
  { "first_name": "Rajiv", "last_name": "Lerohl", "full_name": "Rajiv Lerohl" },
  { "first_name": "Ismay", "last_name": "Lambey", "full_name": "Ismay Lambey" },
  {
    "first_name": "Cathalina",
    "last_name": "Ruzzano",
    "full_name": "Cathalina Ruzzano"
  },
  {
    "first_name": "Le\u00f3n",
    "last_name": "Robart",
    "full_name": "Le\u00f3n Robart"
  },
  {
    "first_name": "Talisa",
    "last_name": "Piedad",
    "full_name": "Talisa Piedad"
  },
  { "first_name": "Mitzy", "last_name": "Weddel", "full_name": "Mitzy Weddel" },
  {
    "first_name": "Soula\u00efman",
    "last_name": "Oeder",
    "full_name": "Soula\u00efman Oeder"
  },
  { "first_name": "Hashim", "last_name": "Genus", "full_name": "Hashim Genus" },
  {
    "first_name": "Rinze",
    "last_name": "Milburn",
    "full_name": "Rinze Milburn"
  },
  {
    "first_name": "Henricus",
    "last_name": "Mackesey",
    "full_name": "Henricus Mackesey"
  },
  {
    "first_name": "Willemtje",
    "last_name": "Lilleberg",
    "full_name": "Willemtje Lilleberg"
  },
  {
    "first_name": "Catharinus",
    "last_name": "Creswick",
    "full_name": "Catharinus Creswick"
  },
  {
    "first_name": "Gertruda",
    "last_name": "Martuccio",
    "full_name": "Gertruda Martuccio"
  },
  {
    "first_name": "Leanne",
    "last_name": "Volpert",
    "full_name": "Leanne Volpert"
  },
  { "first_name": "Dalila", "last_name": "Fort", "full_name": "Dalila Fort" },
  {
    "first_name": "Konstantin",
    "last_name": "Faniel",
    "full_name": "Konstantin Faniel"
  },
  {
    "first_name": "Ricardus",
    "last_name": "Guyott",
    "full_name": "Ricardus Guyott"
  },
  {
    "first_name": "Orkun",
    "last_name": "Linkhart",
    "full_name": "Orkun Linkhart"
  },
  { "first_name": "Jord", "last_name": "Dante", "full_name": "Jord Dante" },
  { "first_name": "Merve", "last_name": "Safron", "full_name": "Merve Safron" },
  { "first_name": "Jie", "last_name": "Alar", "full_name": "Jie Alar" },
  {
    "first_name": "Gerjan",
    "last_name": "Westrick",
    "full_name": "Gerjan Westrick"
  },
  {
    "first_name": "Cliff",
    "last_name": "Dunnock",
    "full_name": "Cliff Dunnock"
  },
  {
    "first_name": "Liduina",
    "last_name": "Elowsky",
    "full_name": "Liduina Elowsky"
  },
  {
    "first_name": "Winny",
    "last_name": "Eischeid",
    "full_name": "Winny Eischeid"
  },
  {
    "first_name": "Isabella",
    "last_name": "Morber",
    "full_name": "Isabella Morber"
  },
  { "first_name": "Belle", "last_name": "Cupo", "full_name": "Belle Cupo" },
  { "first_name": "Rhea", "last_name": "Garcon", "full_name": "Rhea Garcon" },
  {
    "first_name": "Dimphina",
    "last_name": "Riser",
    "full_name": "Dimphina Riser"
  },
  {
    "first_name": "Hendrike",
    "last_name": "Lella",
    "full_name": "Hendrike Lella"
  },
  {
    "first_name": "Charif",
    "last_name": "Gorter",
    "full_name": "Charif Gorter"
  },
  {
    "first_name": "Georgino",
    "last_name": "Bausch",
    "full_name": "Georgino Bausch"
  },
  {
    "first_name": "Vivian",
    "last_name": "Macdermott",
    "full_name": "Vivian Macdermott"
  },
  {
    "first_name": "Ming",
    "last_name": "Slotnick",
    "full_name": "Ming Slotnick"
  },
  { "first_name": "Janna", "last_name": "Nerger", "full_name": "Janna Nerger" },
  {
    "first_name": "Hanifi",
    "last_name": "Ridling",
    "full_name": "Hanifi Ridling"
  },
  {
    "first_name": "Marcelle",
    "last_name": "Donachy",
    "full_name": "Marcelle Donachy"
  },
  { "first_name": "Chelly", "last_name": "Bedke", "full_name": "Chelly Bedke" },
  {
    "first_name": "C\u00e9zanne",
    "last_name": "Ausiello",
    "full_name": "C\u00e9zanne Ausiello"
  },
  { "first_name": "Ties", "last_name": "Sheddan", "full_name": "Ties Sheddan" },
  {
    "first_name": "\u015eebnem",
    "last_name": "Hoebeke",
    "full_name": "\u015eebnem Hoebeke"
  },
  { "first_name": "Mert", "last_name": "Kudej", "full_name": "Mert Kudej" },
  {
    "first_name": "Abdinasir",
    "last_name": "Visalli",
    "full_name": "Abdinasir Visalli"
  },
  { "first_name": "Ries", "last_name": "Pajic", "full_name": "Ries Pajic" },
  { "first_name": "Allal", "last_name": "Bakr", "full_name": "Allal Bakr" },
  {
    "first_name": "Nadya",
    "last_name": "Siriani",
    "full_name": "Nadya Siriani"
  },
  { "first_name": "Foeke", "last_name": "Aras", "full_name": "Foeke Aras" },
  { "first_name": "Coralie", "last_name": "Liau", "full_name": "Coralie Liau" },
  {
    "first_name": "Yun",
    "last_name": "Juratovac",
    "full_name": "Yun Juratovac"
  },
  {
    "first_name": "Donald",
    "last_name": "Giblin",
    "full_name": "Donald Giblin"
  },
  {
    "first_name": "Ey\u00fcp",
    "last_name": "Bhavsar",
    "full_name": "Ey\u00fcp Bhavsar"
  },
  {
    "first_name": "Tanisha",
    "last_name": "Zitzka",
    "full_name": "Tanisha Zitzka"
  },
  {
    "first_name": "Jalal",
    "last_name": "Shellenberg",
    "full_name": "Jalal Shellenberg"
  },
  {
    "first_name": "Zhan\u00e9",
    "last_name": "Vanarsdale",
    "full_name": "Zhan\u00e9 Vanarsdale"
  },
  {
    "first_name": "Diya",
    "last_name": "Burniston",
    "full_name": "Diya Burniston"
  },
  {
    "first_name": "Shivam",
    "last_name": "Grazian",
    "full_name": "Shivam Grazian"
  },
  { "first_name": "Madina", "last_name": "Jukic", "full_name": "Madina Jukic" },
  {
    "first_name": "Nadja",
    "last_name": "Flenniken",
    "full_name": "Nadja Flenniken"
  },
  {
    "first_name": "Ga\u00eblle",
    "last_name": "Felten",
    "full_name": "Ga\u00eblle Felten"
  },
  { "first_name": "Moad", "last_name": "Sodd", "full_name": "Moad Sodd" },
  {
    "first_name": "Marlinde",
    "last_name": "Samford",
    "full_name": "Marlinde Samford"
  },
  {
    "first_name": "Brit",
    "last_name": "Phillabaum",
    "full_name": "Brit Phillabaum"
  },
  {
    "first_name": "G\u00fclistan",
    "last_name": "Harshaw",
    "full_name": "G\u00fclistan Harshaw"
  },
  {
    "first_name": "Ferit",
    "last_name": "Lammons",
    "full_name": "Ferit Lammons"
  },
  {
    "first_name": "Aymane",
    "last_name": "Kirschke",
    "full_name": "Aymane Kirschke"
  },
  { "first_name": "Sikko", "last_name": "Sivels", "full_name": "Sikko Sivels" },
  {
    "first_name": "Sylvester",
    "last_name": "Bobar",
    "full_name": "Sylvester Bobar"
  },
  { "first_name": "Viona", "last_name": "Faver", "full_name": "Viona Faver" },
  {
    "first_name": "Aboubakr",
    "last_name": "Wohl",
    "full_name": "Aboubakr Wohl"
  },
  {
    "first_name": "Thije",
    "last_name": "Caviedes",
    "full_name": "Thije Caviedes"
  },
  {
    "first_name": "Natalie",
    "last_name": "Preminger",
    "full_name": "Natalie Preminger"
  },
  {
    "first_name": "Kyrill",
    "last_name": "Seitsinger",
    "full_name": "Kyrill Seitsinger"
  },
  {
    "first_name": "Nyncke",
    "last_name": "Luchetti",
    "full_name": "Nyncke Luchetti"
  },
  {
    "first_name": "Kornelis",
    "last_name": "Paoletti",
    "full_name": "Kornelis Paoletti"
  },
  {
    "first_name": "Micaela",
    "last_name": "Maginot",
    "full_name": "Micaela Maginot"
  },
  { "first_name": "Judah", "last_name": "Corsi", "full_name": "Judah Corsi" },
  {
    "first_name": "Bojoura",
    "last_name": "Micheau",
    "full_name": "Bojoura Micheau"
  },
  {
    "first_name": "Suzanna",
    "last_name": "Weyrick",
    "full_name": "Suzanna Weyrick"
  },
  {
    "first_name": "Orpheo",
    "last_name": "Crelly",
    "full_name": "Orpheo Crelly"
  },
  { "first_name": "Rojda", "last_name": "Nyre", "full_name": "Rojda Nyre" },
  {
    "first_name": "Rosalien",
    "last_name": "Vandewark",
    "full_name": "Rosalien Vandewark"
  },
  { "first_name": "Kobus", "last_name": "Knost", "full_name": "Kobus Knost" },
  { "first_name": "Yahya", "last_name": "Sarama", "full_name": "Yahya Sarama" },
  { "first_name": "Gonda", "last_name": "Plesa", "full_name": "Gonda Plesa" },
  {
    "first_name": "Henry",
    "last_name": "Sanchezdiaz",
    "full_name": "Henry Sanchezdiaz"
  },
  {
    "first_name": "El\u00e2",
    "last_name": "Vanhowe",
    "full_name": "El\u00e2 Vanhowe"
  },
  { "first_name": "Reza", "last_name": "Paseur", "full_name": "Reza Paseur" },
  {
    "first_name": "Sita",
    "last_name": "Brittenum",
    "full_name": "Sita Brittenum"
  },
  {
    "first_name": "Sophia",
    "last_name": "Bilton",
    "full_name": "Sophia Bilton"
  },
  { "first_name": "Remi", "last_name": "Miyagi", "full_name": "Remi Miyagi" },
  {
    "first_name": "Ilyaas",
    "last_name": "Pevzner",
    "full_name": "Ilyaas Pevzner"
  },
  {
    "first_name": "Anam",
    "last_name": "Tamburro",
    "full_name": "Anam Tamburro"
  },
  {
    "first_name": "Alvaro",
    "last_name": "Harcrow",
    "full_name": "Alvaro Harcrow"
  },
  { "first_name": "Feija", "last_name": "Fyda", "full_name": "Feija Fyda" },
  { "first_name": "Marjam", "last_name": "Ur", "full_name": "Marjam Ur" },
  {
    "first_name": "Maryan",
    "last_name": "Sweeter",
    "full_name": "Maryan Sweeter"
  },
  {
    "first_name": "\u015euheda",
    "last_name": "Fotheringham",
    "full_name": "\u015euheda Fotheringham"
  },
  { "first_name": "Sien", "last_name": "Ecton", "full_name": "Sien Ecton" },
  {
    "first_name": "Tjitze",
    "last_name": "Fouquet",
    "full_name": "Tjitze Fouquet"
  },
  {
    "first_name": "Steffi",
    "last_name": "Kopriva",
    "full_name": "Steffi Kopriva"
  },
  {
    "first_name": "Sofia",
    "last_name": "Wittmus",
    "full_name": "Sofia Wittmus"
  },
  { "first_name": "Hoi", "last_name": "Myrvold", "full_name": "Hoi Myrvold" },
  {
    "first_name": "Saadet",
    "last_name": "Dimock",
    "full_name": "Saadet Dimock"
  },
  {
    "first_name": "Joseline",
    "last_name": "Kanowitz",
    "full_name": "Joseline Kanowitz"
  },
  {
    "first_name": "Xaviera",
    "last_name": "Nickolas",
    "full_name": "Xaviera Nickolas"
  },
  {
    "first_name": "Meera",
    "last_name": "Kuharik",
    "full_name": "Meera Kuharik"
  },
  {
    "first_name": "Ferdinandus",
    "last_name": "Kroneman",
    "full_name": "Ferdinandus Kroneman"
  },
  {
    "first_name": "Winona",
    "last_name": "Kronstedt",
    "full_name": "Winona Kronstedt"
  },
  {
    "first_name": "Timmie",
    "last_name": "Lequia",
    "full_name": "Timmie Lequia"
  },
  {
    "first_name": "Juliana",
    "last_name": "Harlon",
    "full_name": "Juliana Harlon"
  },
  {
    "first_name": "Adriane",
    "last_name": "Barnicoat",
    "full_name": "Adriane Barnicoat"
  },
  {
    "first_name": "D\u00f6ne",
    "last_name": "Camposano",
    "full_name": "D\u00f6ne Camposano"
  },
  {
    "first_name": "Sharifa",
    "last_name": "Pisko",
    "full_name": "Sharifa Pisko"
  },
  { "first_name": "Yme", "last_name": "Lofton", "full_name": "Yme Lofton" },
  {
    "first_name": "Kaitlyn",
    "last_name": "Thibault",
    "full_name": "Kaitlyn Thibault"
  },
  { "first_name": "Zita", "last_name": "Laa", "full_name": "Zita Laa" },
  {
    "first_name": "Priscella",
    "last_name": "Araj",
    "full_name": "Priscella Araj"
  },
  {
    "first_name": "Younes",
    "last_name": "Pahlke",
    "full_name": "Younes Pahlke"
  },
  {
    "first_name": "\u0130layda",
    "last_name": "Reddicks",
    "full_name": "\u0130layda Reddicks"
  },
  { "first_name": "Monja", "last_name": "Gauthe", "full_name": "Monja Gauthe" },
  {
    "first_name": "Ilker",
    "last_name": "Vandermeer",
    "full_name": "Ilker Vandermeer"
  },
  {
    "first_name": "Taeke",
    "last_name": "Carrello",
    "full_name": "Taeke Carrello"
  },
  {
    "first_name": "Ramona",
    "last_name": "Singfield",
    "full_name": "Ramona Singfield"
  },
  {
    "first_name": "Idriss",
    "last_name": "Natola",
    "full_name": "Idriss Natola"
  },
  { "first_name": "Sascha", "last_name": "Zemp", "full_name": "Sascha Zemp" },
  { "first_name": "Amos", "last_name": "Gibbs", "full_name": "Amos Gibbs" },
  {
    "first_name": "Ayse",
    "last_name": "Plackett",
    "full_name": "Ayse Plackett"
  },
  {
    "first_name": "Wanita",
    "last_name": "Ameduri",
    "full_name": "Wanita Ameduri"
  },
  {
    "first_name": "Marit",
    "last_name": "Vanderlaan",
    "full_name": "Marit Vanderlaan"
  },
  {
    "first_name": "Jelle",
    "last_name": "Pavelchak",
    "full_name": "Jelle Pavelchak"
  },
  { "first_name": "Phil", "last_name": "Helton", "full_name": "Phil Helton" },
  {
    "first_name": "Dinja",
    "last_name": "Vischer",
    "full_name": "Dinja Vischer"
  },
  { "first_name": "Emre", "last_name": "Arlet", "full_name": "Emre Arlet" },
  {
    "first_name": "Zana",
    "last_name": "Rehkemper",
    "full_name": "Zana Rehkemper"
  },
  {
    "first_name": "Wassim",
    "last_name": "Bramsen",
    "full_name": "Wassim Bramsen"
  },
  {
    "first_name": "Jacey",
    "last_name": "Aalgaard",
    "full_name": "Jacey Aalgaard"
  },
  {
    "first_name": "Teus",
    "last_name": "Breitung",
    "full_name": "Teus Breitung"
  },
  { "first_name": "Kim", "last_name": "Zaragosa", "full_name": "Kim Zaragosa" },
  { "first_name": "Ivana", "last_name": "Tabin", "full_name": "Ivana Tabin" },
  {
    "first_name": "Jasmina",
    "last_name": "Crumbo",
    "full_name": "Jasmina Crumbo"
  },
  {
    "first_name": "Beatriz",
    "last_name": "Nannenga",
    "full_name": "Beatriz Nannenga"
  },
  {
    "first_name": "Roshnie",
    "last_name": "Lampley",
    "full_name": "Roshnie Lampley"
  },
  {
    "first_name": "Evander",
    "last_name": "Quintanilla",
    "full_name": "Evander Quintanilla"
  },
  { "first_name": "Marline", "last_name": "Tjia", "full_name": "Marline Tjia" },
  {
    "first_name": "Yori",
    "last_name": "Caratachea",
    "full_name": "Yori Caratachea"
  },
  { "first_name": "Anis", "last_name": "Laday", "full_name": "Anis Laday" },
  { "first_name": "Jorn", "last_name": "Feaver", "full_name": "Jorn Feaver" },
  {
    "first_name": "Jessey",
    "last_name": "Favilla",
    "full_name": "Jessey Favilla"
  },
  {
    "first_name": "Hayri",
    "last_name": "Dambrosio",
    "full_name": "Hayri Dambrosio"
  },
  {
    "first_name": "Marta",
    "last_name": "Dunnells",
    "full_name": "Marta Dunnells"
  },
  { "first_name": "Rowan", "last_name": "Chain", "full_name": "Rowan Chain" },
  {
    "first_name": "Hassan",
    "last_name": "Steidley",
    "full_name": "Hassan Steidley"
  },
  {
    "first_name": "Zekeriya",
    "last_name": "Goren",
    "full_name": "Zekeriya Goren"
  },
  { "first_name": "Ashraf", "last_name": "Mowat", "full_name": "Ashraf Mowat" },
  {
    "first_name": "Athina",
    "last_name": "Dineros",
    "full_name": "Athina Dineros"
  },
  {
    "first_name": "Johannis",
    "last_name": "Hruza",
    "full_name": "Johannis Hruza"
  },
  {
    "first_name": "Konstantin",
    "last_name": "Karnavas",
    "full_name": "Konstantin Karnavas"
  },
  {
    "first_name": "Almira",
    "last_name": "Herendeen",
    "full_name": "Almira Herendeen"
  },
  {
    "first_name": "Andrea",
    "last_name": "Bakhsh",
    "full_name": "Andrea Bakhsh"
  },
  {
    "first_name": "Jurren",
    "last_name": "Adomako",
    "full_name": "Jurren Adomako"
  },
  { "first_name": "Sabir", "last_name": "Suvak", "full_name": "Sabir Suvak" },
  {
    "first_name": "D\u00e9sir\u00e9e",
    "last_name": "Schroter",
    "full_name": "D\u00e9sir\u00e9e Schroter"
  },
  { "first_name": "Bonne", "last_name": "Boehn", "full_name": "Bonne Boehn" },
  {
    "first_name": "Elvi",
    "last_name": "Chesshire",
    "full_name": "Elvi Chesshire"
  },
  { "first_name": "Chayen", "last_name": "Kuban", "full_name": "Chayen Kuban" },
  { "first_name": "Dido", "last_name": "Vilano", "full_name": "Dido Vilano" },
  {
    "first_name": "Roeline",
    "last_name": "Barillas",
    "full_name": "Roeline Barillas"
  },
  { "first_name": "Nuh", "last_name": "Maitlen", "full_name": "Nuh Maitlen" },
  {
    "first_name": "Loeke",
    "last_name": "Stevinson",
    "full_name": "Loeke Stevinson"
  },
  {
    "first_name": "Gerdine",
    "last_name": "Divito",
    "full_name": "Gerdine Divito"
  },
  { "first_name": "Monir", "last_name": "Huan", "full_name": "Monir Huan" },
  {
    "first_name": "Remmert",
    "last_name": "Chorney",
    "full_name": "Remmert Chorney"
  },
  {
    "first_name": "Lilly",
    "last_name": "Kupferer",
    "full_name": "Lilly Kupferer"
  },
  {
    "first_name": "Kamile",
    "last_name": "Pisarcik",
    "full_name": "Kamile Pisarcik"
  },
  {
    "first_name": "Tjark",
    "last_name": "Iskhakov",
    "full_name": "Tjark Iskhakov"
  },
  { "first_name": "Egemen", "last_name": "Feiss", "full_name": "Egemen Feiss" },
  {
    "first_name": "Danick",
    "last_name": "Bonsignore",
    "full_name": "Danick Bonsignore"
  },
  { "first_name": "Donato", "last_name": "Gbur", "full_name": "Donato Gbur" },
  {
    "first_name": "Michelangelo",
    "last_name": "Gipson",
    "full_name": "Michelangelo Gipson"
  },
  {
    "first_name": "Abdirizak",
    "last_name": "Pinnock",
    "full_name": "Abdirizak Pinnock"
  },
  {
    "first_name": "Keimpe",
    "last_name": "Bacher",
    "full_name": "Keimpe Bacher"
  },
  {
    "first_name": "Brendan",
    "last_name": "Dossin",
    "full_name": "Brendan Dossin"
  },
  { "first_name": "Ray", "last_name": "Boulos", "full_name": "Ray Boulos" },
  {
    "first_name": "Viviana",
    "last_name": "Kotake",
    "full_name": "Viviana Kotake"
  },
  {
    "first_name": "Almir",
    "last_name": "Louischarles",
    "full_name": "Almir Louischarles"
  },
  {
    "first_name": "Cihan",
    "last_name": "Breslau",
    "full_name": "Cihan Breslau"
  },
  {
    "first_name": "G\u00fcler",
    "last_name": "Phelan",
    "full_name": "G\u00fcler Phelan"
  },
  {
    "first_name": "Nuriye",
    "last_name": "Hogshead",
    "full_name": "Nuriye Hogshead"
  },
  { "first_name": "Maiky", "last_name": "Votava", "full_name": "Maiky Votava" },
  {
    "first_name": "Gina",
    "last_name": "Alexakos",
    "full_name": "Gina Alexakos"
  },
  { "first_name": "Boyan", "last_name": "Salvia", "full_name": "Boyan Salvia" },
  { "first_name": "Ian", "last_name": "Dietter", "full_name": "Ian Dietter" },
  {
    "first_name": "Enrique",
    "last_name": "Terashima",
    "full_name": "Enrique Terashima"
  },
  {
    "first_name": "Terrence",
    "last_name": "Kopecki",
    "full_name": "Terrence Kopecki"
  },
  { "first_name": "Janis", "last_name": "Senesi", "full_name": "Janis Senesi" },
  {
    "first_name": "Demir",
    "last_name": "Rudinski",
    "full_name": "Demir Rudinski"
  },
  { "first_name": "Gwenn", "last_name": "Lat", "full_name": "Gwenn Lat" },
  {
    "first_name": "Ibtisam",
    "last_name": "Voigts",
    "full_name": "Ibtisam Voigts"
  },
  {
    "first_name": "Vasco",
    "last_name": "Keepers",
    "full_name": "Vasco Keepers"
  },
  {
    "first_name": "Alyssa",
    "last_name": "Dmello",
    "full_name": "Alyssa Dmello"
  },
  { "first_name": "Huub", "last_name": "Ludwigs", "full_name": "Huub Ludwigs" },
  {
    "first_name": "Nicolay",
    "last_name": "Trytten",
    "full_name": "Nicolay Trytten"
  },
  {
    "first_name": "Teuntje",
    "last_name": "Wolansky",
    "full_name": "Teuntje Wolansky"
  },
  {
    "first_name": "Adrian",
    "last_name": "Blinkhorn",
    "full_name": "Adrian Blinkhorn"
  },
  {
    "first_name": "Charissa",
    "last_name": "Touvell",
    "full_name": "Charissa Touvell"
  },
  { "first_name": "Adna", "last_name": "Feia", "full_name": "Adna Feia" },
  { "first_name": "Joah", "last_name": "Carse", "full_name": "Joah Carse" },
  {
    "first_name": "V\u00e9ronique",
    "last_name": "Hoechst",
    "full_name": "V\u00e9ronique Hoechst"
  },
  {
    "first_name": "Tycho",
    "last_name": "Ostojic",
    "full_name": "Tycho Ostojic"
  },
  { "first_name": "Pip", "last_name": "Bauers", "full_name": "Pip Bauers" },
  {
    "first_name": "Paolo",
    "last_name": "Bookman",
    "full_name": "Paolo Bookman"
  },
  {
    "first_name": "Mathew",
    "last_name": "Aranzazu",
    "full_name": "Mathew Aranzazu"
  },
  {
    "first_name": "Jurn",
    "last_name": "Lagerman",
    "full_name": "Jurn Lagerman"
  },
  { "first_name": "Jan", "last_name": "Shayan", "full_name": "Jan Shayan" },
  {
    "first_name": "Savanne",
    "last_name": "Binter",
    "full_name": "Savanne Binter"
  },
  {
    "first_name": "L\u00e9anne",
    "last_name": "Coyte",
    "full_name": "L\u00e9anne Coyte"
  },
  { "first_name": "Hayri", "last_name": "Bajric", "full_name": "Hayri Bajric" },
  {
    "first_name": "Jantje",
    "last_name": "Vassey",
    "full_name": "Jantje Vassey"
  },
  {
    "first_name": "Arieke",
    "last_name": "Sayres",
    "full_name": "Arieke Sayres"
  },
  { "first_name": "Samy", "last_name": "Ceran", "full_name": "Samy Ceran" },
  {
    "first_name": "Ciaran",
    "last_name": "Cartagena",
    "full_name": "Ciaran Cartagena"
  },
  {
    "first_name": "Harri\u00ebtte",
    "last_name": "Walkingeagle",
    "full_name": "Harri\u00ebtte Walkingeagle"
  },
  {
    "first_name": "Everhard",
    "last_name": "Manser",
    "full_name": "Everhard Manser"
  },
  { "first_name": "Asha", "last_name": "Kirtley", "full_name": "Asha Kirtley" },
  {
    "first_name": "Justice",
    "last_name": "Olais",
    "full_name": "Justice Olais"
  },
  {
    "first_name": "Ey\u00fcp",
    "last_name": "President",
    "full_name": "Ey\u00fcp President"
  },
  {
    "first_name": "Wilbert",
    "last_name": "Berenger",
    "full_name": "Wilbert Berenger"
  },
  { "first_name": "Samer", "last_name": "Lasher", "full_name": "Samer Lasher" },
  { "first_name": "Fijgje", "last_name": "Corvo", "full_name": "Fijgje Corvo" },
  {
    "first_name": "Melody",
    "last_name": "Stroupe",
    "full_name": "Melody Stroupe"
  },
  {
    "first_name": "Christien",
    "last_name": "Malatek",
    "full_name": "Christien Malatek"
  },
  {
    "first_name": "Melisa",
    "last_name": "Laframboise",
    "full_name": "Melisa Laframboise"
  },
  { "first_name": "Yoshi", "last_name": "Isales", "full_name": "Yoshi Isales" },
  {
    "first_name": "Antonia",
    "last_name": "Berley",
    "full_name": "Antonia Berley"
  },
  {
    "first_name": "G\u00fcven",
    "last_name": "Panagakis",
    "full_name": "G\u00fcven Panagakis"
  },
  { "first_name": "Andrew", "last_name": "Cada", "full_name": "Andrew Cada" },
  {
    "first_name": "\u015eahin",
    "last_name": "Smutny",
    "full_name": "\u015eahin Smutny"
  },
  {
    "first_name": "Taro",
    "last_name": "Stinehour",
    "full_name": "Taro Stinehour"
  },
  { "first_name": "Ginny", "last_name": "Suiter", "full_name": "Ginny Suiter" },
  {
    "first_name": "Ilyasse",
    "last_name": "Peate",
    "full_name": "Ilyasse Peate"
  },
  {
    "first_name": "Justa",
    "last_name": "Shanahan",
    "full_name": "Justa Shanahan"
  },
  {
    "first_name": "Rolien",
    "last_name": "Whitecavage",
    "full_name": "Rolien Whitecavage"
  },
  {
    "first_name": "Farid",
    "last_name": "Ballato",
    "full_name": "Farid Ballato"
  },
  {
    "first_name": "Nakita",
    "last_name": "Silvetti",
    "full_name": "Nakita Silvetti"
  },
  { "first_name": "Bella", "last_name": "Sajor", "full_name": "Bella Sajor" },
  {
    "first_name": "Warren",
    "last_name": "Janusz",
    "full_name": "Warren Janusz"
  },
  {
    "first_name": "Kane",
    "last_name": "Camastro",
    "full_name": "Kane Camastro"
  },
  {
    "first_name": "Mathew",
    "last_name": "Barredo",
    "full_name": "Mathew Barredo"
  },
  {
    "first_name": "Heleen",
    "last_name": "Remmel",
    "full_name": "Heleen Remmel"
  },
  {
    "first_name": "Athina",
    "last_name": "Klimczyk",
    "full_name": "Athina Klimczyk"
  },
  {
    "first_name": "Roxane",
    "last_name": "Chounard",
    "full_name": "Roxane Chounard"
  },
  {
    "first_name": "Leyl\u00e2",
    "last_name": "Yarlagadda",
    "full_name": "Leyl\u00e2 Yarlagadda"
  },
  {
    "first_name": "Jacobina",
    "last_name": "Majors",
    "full_name": "Jacobina Majors"
  },
  {
    "first_name": "John",
    "last_name": "Sochacki",
    "full_name": "John Sochacki"
  },
  { "first_name": "Timme", "last_name": "Ikram", "full_name": "Timme Ikram" },
  {
    "first_name": "Edwinus",
    "last_name": "Hanway",
    "full_name": "Edwinus Hanway"
  },
  { "first_name": "Inke", "last_name": "Moncla", "full_name": "Inke Moncla" },
  { "first_name": "Alice", "last_name": "Bausum", "full_name": "Alice Bausum" },
  {
    "first_name": "Amelia",
    "last_name": "Biscotto",
    "full_name": "Amelia Biscotto"
  },
  {
    "first_name": "Chanine",
    "last_name": "Windschitl",
    "full_name": "Chanine Windschitl"
  },
  { "first_name": "Reena", "last_name": "Anjum", "full_name": "Reena Anjum" },
  {
    "first_name": "Saron",
    "last_name": "Cortazar",
    "full_name": "Saron Cortazar"
  },
  {
    "first_name": "Lilianne",
    "last_name": "Weiter",
    "full_name": "Lilianne Weiter"
  },
  { "first_name": "Jamie", "last_name": "Corkin", "full_name": "Jamie Corkin" },
  {
    "first_name": "Jacyntha",
    "last_name": "Japhet",
    "full_name": "Jacyntha Japhet"
  },
  { "first_name": "Danne", "last_name": "Kulon", "full_name": "Danne Kulon" },
  {
    "first_name": "Gianluca",
    "last_name": "Tunnicliffe",
    "full_name": "Gianluca Tunnicliffe"
  },
  { "first_name": "Lonne", "last_name": "Nicols", "full_name": "Lonne Nicols" },
  {
    "first_name": "Werner",
    "last_name": "Kuusisto",
    "full_name": "Werner Kuusisto"
  },
  {
    "first_name": "Jada",
    "last_name": "Attinello",
    "full_name": "Jada Attinello"
  },
  {
    "first_name": "Connie",
    "last_name": "Obeirne",
    "full_name": "Connie Obeirne"
  },
  { "first_name": "Hakim", "last_name": "Langon", "full_name": "Hakim Langon" },
  {
    "first_name": "Geertrui",
    "last_name": "Taft",
    "full_name": "Geertrui Taft"
  },
  {
    "first_name": "Turgut",
    "last_name": "Forsyth",
    "full_name": "Turgut Forsyth"
  },
  {
    "first_name": "S\u00fcleyman",
    "last_name": "Wolschlager",
    "full_name": "S\u00fcleyman Wolschlager"
  },
  {
    "first_name": "Margrietha",
    "last_name": "Pfuntner",
    "full_name": "Margrietha Pfuntner"
  },
  {
    "first_name": "Petertje",
    "last_name": "Majewicz",
    "full_name": "Petertje Majewicz"
  },
  {
    "first_name": "Sheena",
    "last_name": "Rinkus",
    "full_name": "Sheena Rinkus"
  },
  {
    "first_name": "Manoah",
    "last_name": "Guthmiller",
    "full_name": "Manoah Guthmiller"
  },
  {
    "first_name": "Ermin",
    "last_name": "Golnick",
    "full_name": "Ermin Golnick"
  },
  {
    "first_name": "Corinne",
    "last_name": "Plattenburg",
    "full_name": "Corinne Plattenburg"
  },
  {
    "first_name": "Gelske",
    "last_name": "Vandepol",
    "full_name": "Gelske Vandepol"
  },
  {
    "first_name": "Yaren",
    "last_name": "Pighetti",
    "full_name": "Yaren Pighetti"
  },
  {
    "first_name": "Lionne",
    "last_name": "Zierden",
    "full_name": "Lionne Zierden"
  },
  { "first_name": "Gianne", "last_name": "Altan", "full_name": "Gianne Altan" },
  { "first_name": "Fuad", "last_name": "Pages", "full_name": "Fuad Pages" },
  {
    "first_name": "Symon",
    "last_name": "Gollihar",
    "full_name": "Symon Gollihar"
  },
  { "first_name": "Erica", "last_name": "Sirkin", "full_name": "Erica Sirkin" },
  {
    "first_name": "Shaun",
    "last_name": "Poelker",
    "full_name": "Shaun Poelker"
  },
  {
    "first_name": "Anniek",
    "last_name": "Mantey",
    "full_name": "Anniek Mantey"
  },
  {
    "first_name": "Sophia",
    "last_name": "Spaude",
    "full_name": "Sophia Spaude"
  },
  {
    "first_name": "Joske",
    "last_name": "Klarich",
    "full_name": "Joske Klarich"
  },
  {
    "first_name": "Kwok",
    "last_name": "Podobinski",
    "full_name": "Kwok Podobinski"
  },
  {
    "first_name": "Tu\u011dba",
    "last_name": "Parisotto",
    "full_name": "Tu\u011dba Parisotto"
  },
  {
    "first_name": "Clementine",
    "last_name": "Casais",
    "full_name": "Clementine Casais"
  },
  { "first_name": "Bloeme", "last_name": "Bult", "full_name": "Bloeme Bult" },
  {
    "first_name": "Ashley",
    "last_name": "Lokuta",
    "full_name": "Ashley Lokuta"
  },
  {
    "first_name": "Mingus",
    "last_name": "Cervenka",
    "full_name": "Mingus Cervenka"
  },
  { "first_name": "Dorien", "last_name": "Kalem", "full_name": "Dorien Kalem" },
  {
    "first_name": "Jenna",
    "last_name": "Doerflein",
    "full_name": "Jenna Doerflein"
  },
  {
    "first_name": "Fadoua",
    "last_name": "Kinnon",
    "full_name": "Fadoua Kinnon"
  },
  {
    "first_name": "Donatella",
    "last_name": "Sportel",
    "full_name": "Donatella Sportel"
  },
  {
    "first_name": "Josefine",
    "last_name": "Gotelli",
    "full_name": "Josefine Gotelli"
  },
  {
    "first_name": "Annoeska",
    "last_name": "Tarry",
    "full_name": "Annoeska Tarry"
  },
  {
    "first_name": "Antje",
    "last_name": "Rasberry",
    "full_name": "Antje Rasberry"
  },
  {
    "first_name": "Duran",
    "last_name": "Giachino",
    "full_name": "Duran Giachino"
  },
  {
    "first_name": "Quirijn",
    "last_name": "Dunavant",
    "full_name": "Quirijn Dunavant"
  },
  {
    "first_name": "Koop",
    "last_name": "Gervasoni",
    "full_name": "Koop Gervasoni"
  },
  {
    "first_name": "Hedwich",
    "last_name": "Hoekenga",
    "full_name": "Hedwich Hoekenga"
  },
  {
    "first_name": "Saadia",
    "last_name": "Picciurro",
    "full_name": "Saadia Picciurro"
  },
  {
    "first_name": "Jasmine",
    "last_name": "Kurtis",
    "full_name": "Jasmine Kurtis"
  },
  {
    "first_name": "Bonne",
    "last_name": "Currington",
    "full_name": "Bonne Currington"
  },
  { "first_name": "Tyrza", "last_name": "Lawfer", "full_name": "Tyrza Lawfer" },
  { "first_name": "Bente", "last_name": "Rongo", "full_name": "Bente Rongo" },
  { "first_name": "Dudu", "last_name": "Williby", "full_name": "Dudu Williby" },
  {
    "first_name": "Wouter",
    "last_name": "Gillins",
    "full_name": "Wouter Gillins"
  },
  { "first_name": "Tico", "last_name": "Cullors", "full_name": "Tico Cullors" },
  {
    "first_name": "Marwan",
    "last_name": "Isgrigg",
    "full_name": "Marwan Isgrigg"
  },
  {
    "first_name": "Juul",
    "last_name": "Hoskinson",
    "full_name": "Juul Hoskinson"
  },
  { "first_name": "Deirdre", "last_name": "Deck", "full_name": "Deirdre Deck" },
  { "first_name": "Nore", "last_name": "Vanhuss", "full_name": "Nore Vanhuss" },
  {
    "first_name": "Arantxa",
    "last_name": "Lambard",
    "full_name": "Arantxa Lambard"
  },
  {
    "first_name": "Matts",
    "last_name": "Mannheimer",
    "full_name": "Matts Mannheimer"
  },
  {
    "first_name": "Lukas",
    "last_name": "Ficalora",
    "full_name": "Lukas Ficalora"
  },
  {
    "first_name": "Najim",
    "last_name": "Reamsnyder",
    "full_name": "Najim Reamsnyder"
  },
  { "first_name": "Mickel", "last_name": "Barth", "full_name": "Mickel Barth" },
  {
    "first_name": "Badreddine",
    "last_name": "Margulis",
    "full_name": "Badreddine Margulis"
  },
  {
    "first_name": "Ngoc",
    "last_name": "Hammelman",
    "full_name": "Ngoc Hammelman"
  },
  { "first_name": "Angel", "last_name": "Hiti", "full_name": "Angel Hiti" },
  { "first_name": "Hani", "last_name": "Gerads", "full_name": "Hani Gerads" },
  { "first_name": "Binc", "last_name": "Frock", "full_name": "Binc Frock" },
  {
    "first_name": "Shaima",
    "last_name": "Zatezalo",
    "full_name": "Shaima Zatezalo"
  },
  {
    "first_name": "Reijer",
    "last_name": "Saidel",
    "full_name": "Reijer Saidel"
  },
  {
    "first_name": "Pauliene",
    "last_name": "Schamp",
    "full_name": "Pauliene Schamp"
  },
  { "first_name": "Nynke", "last_name": "Pegher", "full_name": "Nynke Pegher" },
  {
    "first_name": "Marc",
    "last_name": "Schobert",
    "full_name": "Marc Schobert"
  },
  {
    "first_name": "Florian",
    "last_name": "Mclafferty",
    "full_name": "Florian Mclafferty"
  },
  { "first_name": "Alex", "last_name": "Prueitt", "full_name": "Alex Prueitt" },
  { "first_name": "Lizzy", "last_name": "Morua", "full_name": "Lizzy Morua" },
  { "first_name": "Ralf", "last_name": "Standen", "full_name": "Ralf Standen" },
  { "first_name": "Gaby", "last_name": "Raida", "full_name": "Gaby Raida" },
  {
    "first_name": "\u00c7igdem",
    "last_name": "Jozefowicz",
    "full_name": "\u00c7igdem Jozefowicz"
  },
  { "first_name": "Jai", "last_name": "Andriot", "full_name": "Jai Andriot" },
  { "first_name": "Aafke", "last_name": "Hirt", "full_name": "Aafke Hirt" },
  { "first_name": "Petri", "last_name": "Shine", "full_name": "Petri Shine" },
  {
    "first_name": "Jaymie",
    "last_name": "Vonier",
    "full_name": "Jaymie Vonier"
  },
  { "first_name": "Emre", "last_name": "Legoff", "full_name": "Emre Legoff" },
  {
    "first_name": "Adjai",
    "last_name": "Parlier",
    "full_name": "Adjai Parlier"
  },
  {
    "first_name": "Rikkert",
    "last_name": "Templo",
    "full_name": "Rikkert Templo"
  },
  {
    "first_name": "Juli\u00ebt",
    "last_name": "Minnicks",
    "full_name": "Juli\u00ebt Minnicks"
  },
  {
    "first_name": "Elwin",
    "last_name": "Vatcher",
    "full_name": "Elwin Vatcher"
  },
  { "first_name": "Nanette", "last_name": "Ohle", "full_name": "Nanette Ohle" },
  {
    "first_name": "Mattias",
    "last_name": "Kobren",
    "full_name": "Mattias Kobren"
  },
  {
    "first_name": "Fady",
    "last_name": "Filipkowski",
    "full_name": "Fady Filipkowski"
  },
  { "first_name": "Pippi", "last_name": "Jake", "full_name": "Pippi Jake" },
  {
    "first_name": "Lies",
    "last_name": "Estright",
    "full_name": "Lies Estright"
  },
  {
    "first_name": "Aynur",
    "last_name": "Hoffheins",
    "full_name": "Aynur Hoffheins"
  },
  { "first_name": "Rosa", "last_name": "Carrel", "full_name": "Rosa Carrel" },
  { "first_name": "Manoe", "last_name": "Kozina", "full_name": "Manoe Kozina" },
  {
    "first_name": "Ariena",
    "last_name": "Camardella",
    "full_name": "Ariena Camardella"
  },
  {
    "first_name": "Janne",
    "last_name": "Spreeman",
    "full_name": "Janne Spreeman"
  },
  {
    "first_name": "Barrie",
    "last_name": "Carpintero",
    "full_name": "Barrie Carpintero"
  },
  { "first_name": "Yke", "last_name": "Zybura", "full_name": "Yke Zybura" },
  {
    "first_name": "Lucien",
    "last_name": "Cofrancesco",
    "full_name": "Lucien Cofrancesco"
  },
  { "first_name": "Alex", "last_name": "Vitz", "full_name": "Alex Vitz" },
  {
    "first_name": "Mijntje",
    "last_name": "Lotze",
    "full_name": "Mijntje Lotze"
  },
  {
    "first_name": "Cansel",
    "last_name": "Densberger",
    "full_name": "Cansel Densberger"
  },
  {
    "first_name": "Dana\u00eb",
    "last_name": "Kanehl",
    "full_name": "Dana\u00eb Kanehl"
  },
  {
    "first_name": "Yassira",
    "last_name": "Cabudol",
    "full_name": "Yassira Cabudol"
  },
  {
    "first_name": "Hendrica",
    "last_name": "Berthel",
    "full_name": "Hendrica Berthel"
  },
  {
    "first_name": "Beatrijs",
    "last_name": "Forish",
    "full_name": "Beatrijs Forish"
  },
  { "first_name": "Yoshi", "last_name": "Selfe", "full_name": "Yoshi Selfe" },
  { "first_name": "Erben", "last_name": "Hueter", "full_name": "Erben Hueter" },
  { "first_name": "Mylan", "last_name": "Bratko", "full_name": "Mylan Bratko" },
  {
    "first_name": "Sharmayne",
    "last_name": "Ferencz",
    "full_name": "Sharmayne Ferencz"
  },
  {
    "first_name": "Sharena",
    "last_name": "Shadoan",
    "full_name": "Sharena Shadoan"
  },
  {
    "first_name": "L\u00e9onie",
    "last_name": "Bubier",
    "full_name": "L\u00e9onie Bubier"
  },
  {
    "first_name": "Sytse",
    "last_name": "Vanderschaaf",
    "full_name": "Sytse Vanderschaaf"
  },
  { "first_name": "Eef", "last_name": "Cata", "full_name": "Eef Cata" },
  {
    "first_name": "Laurence",
    "last_name": "Ottem",
    "full_name": "Laurence Ottem"
  },
  {
    "first_name": "Franklin",
    "last_name": "Wiater",
    "full_name": "Franklin Wiater"
  },
  { "first_name": "Thirsa", "last_name": "Kegan", "full_name": "Thirsa Kegan" },
  {
    "first_name": "Sercan",
    "last_name": "Tusler",
    "full_name": "Sercan Tusler"
  },
  {
    "first_name": "Sandra",
    "last_name": "Mchann",
    "full_name": "Sandra Mchann"
  },
  {
    "first_name": "\u015eefika",
    "last_name": "Agbulos",
    "full_name": "\u015eefika Agbulos"
  },
  { "first_name": "Sevil", "last_name": "Showe", "full_name": "Sevil Showe" },
  {
    "first_name": "Tamarah",
    "last_name": "Bricking",
    "full_name": "Tamarah Bricking"
  },
  { "first_name": "Neha", "last_name": "Belani", "full_name": "Neha Belani" },
  {
    "first_name": "Cathleen",
    "last_name": "Ermeling",
    "full_name": "Cathleen Ermeling"
  },
  {
    "first_name": "Herbert",
    "last_name": "Mencke",
    "full_name": "Herbert Mencke"
  },
  {
    "first_name": "Sundus",
    "last_name": "Garibo",
    "full_name": "Sundus Garibo"
  },
  { "first_name": "Tom", "last_name": "Terk", "full_name": "Tom Terk" },
  { "first_name": "Cars", "last_name": "Patete", "full_name": "Cars Patete" },
  { "first_name": "Lewis", "last_name": "Halpin", "full_name": "Lewis Halpin" },
  {
    "first_name": "Sedanur",
    "last_name": "Halberstam",
    "full_name": "Sedanur Halberstam"
  },
  { "first_name": "Hafid", "last_name": "Ifft", "full_name": "Hafid Ifft" },
  {
    "first_name": "Rinske",
    "last_name": "Llaguno",
    "full_name": "Rinske Llaguno"
  },
  {
    "first_name": "Jeannine",
    "last_name": "Dejan",
    "full_name": "Jeannine Dejan"
  },
  {
    "first_name": "Teunisje",
    "last_name": "Shamah",
    "full_name": "Teunisje Shamah"
  },
  { "first_name": "Chavez", "last_name": "Dait", "full_name": "Chavez Dait" },
  { "first_name": "Marie", "last_name": "Ortado", "full_name": "Marie Ortado" },
  { "first_name": "M", "last_name": "Einarsson", "full_name": "M Einarsson" },
  {
    "first_name": "Saranda",
    "last_name": "Baruch",
    "full_name": "Saranda Baruch"
  },
  {
    "first_name": "S\u00fcmeyya",
    "last_name": "Armet",
    "full_name": "S\u00fcmeyya Armet"
  },
  { "first_name": "Yahia", "last_name": "Decamp", "full_name": "Yahia Decamp" },
  {
    "first_name": "Meryem",
    "last_name": "Dagrosa",
    "full_name": "Meryem Dagrosa"
  },
  {
    "first_name": "Sheila",
    "last_name": "Marturano",
    "full_name": "Sheila Marturano"
  },
  { "first_name": "Eddo", "last_name": "Usrey", "full_name": "Eddo Usrey" },
  {
    "first_name": "Camille",
    "last_name": "Hughes",
    "full_name": "Camille Hughes"
  },
  { "first_name": "Yinthe", "last_name": "Guion", "full_name": "Yinthe Guion" },
  { "first_name": "Aura", "last_name": "Neeman", "full_name": "Aura Neeman" },
  {
    "first_name": "Lauranne",
    "last_name": "Newson",
    "full_name": "Lauranne Newson"
  },
  { "first_name": "Demi", "last_name": "Caryl", "full_name": "Demi Caryl" },
  {
    "first_name": "Constance",
    "last_name": "Nohara",
    "full_name": "Constance Nohara"
  },
  {
    "first_name": "Halime",
    "last_name": "Tommer",
    "full_name": "Halime Tommer"
  },
  {
    "first_name": "Meeke",
    "last_name": "Vanvooren",
    "full_name": "Meeke Vanvooren"
  },
  {
    "first_name": "Nasima",
    "last_name": "Surrette",
    "full_name": "Nasima Surrette"
  },
  {
    "first_name": "Egemen",
    "last_name": "Bursch",
    "full_name": "Egemen Bursch"
  },
  {
    "first_name": "Dakota",
    "last_name": "Mondor",
    "full_name": "Dakota Mondor"
  },
  {
    "first_name": "Tug\u00e7e",
    "last_name": "Ketola",
    "full_name": "Tug\u00e7e Ketola"
  },
  { "first_name": "Jafar", "last_name": "Ortis", "full_name": "Jafar Ortis" },
  {
    "first_name": "Delano",
    "last_name": "Kornacki",
    "full_name": "Delano Kornacki"
  },
  { "first_name": "Amir", "last_name": "Henebry", "full_name": "Amir Henebry" },
  { "first_name": "Euan", "last_name": "Sudbury", "full_name": "Euan Sudbury" },
  {
    "first_name": "Dillen",
    "last_name": "Sebald",
    "full_name": "Dillen Sebald"
  },
  {
    "first_name": "Daya",
    "last_name": "Woodbeck",
    "full_name": "Daya Woodbeck"
  },
  {
    "first_name": "Mikayla",
    "last_name": "Mylander",
    "full_name": "Mikayla Mylander"
  },
  {
    "first_name": "Salina",
    "last_name": "Schlesinger",
    "full_name": "Salina Schlesinger"
  },
  { "first_name": "Yen", "last_name": "Xiques", "full_name": "Yen Xiques" },
  {
    "first_name": "Gilano",
    "last_name": "Reisbeck",
    "full_name": "Gilano Reisbeck"
  },
  {
    "first_name": "Amarins",
    "last_name": "Wixson",
    "full_name": "Amarins Wixson"
  },
  {
    "first_name": "Sandia",
    "last_name": "Cackler",
    "full_name": "Sandia Cackler"
  },
  {
    "first_name": "Christian",
    "last_name": "Lardiere",
    "full_name": "Christian Lardiere"
  },
  {
    "first_name": "Wilma",
    "last_name": "Fulford",
    "full_name": "Wilma Fulford"
  },
  { "first_name": "Maayke", "last_name": "Jaso", "full_name": "Maayke Jaso" },
  {
    "first_name": "Navajo",
    "last_name": "Rabanales",
    "full_name": "Navajo Rabanales"
  },
  { "first_name": "Donny", "last_name": "Matko", "full_name": "Donny Matko" },
  { "first_name": "Salah", "last_name": "Mancia", "full_name": "Salah Mancia" },
  { "first_name": "Liron", "last_name": "Memmer", "full_name": "Liron Memmer" },
  { "first_name": "Axelle", "last_name": "Jil", "full_name": "Axelle Jil" },
  {
    "first_name": "Lisan",
    "last_name": "Brandstrom",
    "full_name": "Lisan Brandstrom"
  },
  {
    "first_name": "Robbin",
    "last_name": "Kassam",
    "full_name": "Robbin Kassam"
  },
  {
    "first_name": "Z\u00fchal",
    "last_name": "Offenberg",
    "full_name": "Z\u00fchal Offenberg"
  },
  {
    "first_name": "Berkan",
    "last_name": "Murchison",
    "full_name": "Berkan Murchison"
  },
  {
    "first_name": "Cleo",
    "last_name": "Kartheiser",
    "full_name": "Cleo Kartheiser"
  },
  { "first_name": "Lyanne", "last_name": "Basua", "full_name": "Lyanne Basua" },
  {
    "first_name": "Guillermo",
    "last_name": "Parkey",
    "full_name": "Guillermo Parkey"
  },
  {
    "first_name": "Gertruida",
    "last_name": "Mangaroo",
    "full_name": "Gertruida Mangaroo"
  },
  {
    "first_name": "Daryl",
    "last_name": "Casabona",
    "full_name": "Daryl Casabona"
  },
  {
    "first_name": "Kerim",
    "last_name": "Rothenbach",
    "full_name": "Kerim Rothenbach"
  },
  {
    "first_name": "Andreia",
    "last_name": "Rovelo",
    "full_name": "Andreia Rovelo"
  },
  {
    "first_name": "Laurentius",
    "last_name": "Leonida",
    "full_name": "Laurentius Leonida"
  },
  {
    "first_name": "Sakine",
    "last_name": "Plombon",
    "full_name": "Sakine Plombon"
  },
  {
    "first_name": "Bennie",
    "last_name": "Steigler",
    "full_name": "Bennie Steigler"
  },
  {
    "first_name": "Ferhat",
    "last_name": "Weidlich",
    "full_name": "Ferhat Weidlich"
  },
  {
    "first_name": "Desmond",
    "last_name": "Bjorndal",
    "full_name": "Desmond Bjorndal"
  },
  {
    "first_name": "Edm\u00e9e",
    "last_name": "Breznay",
    "full_name": "Edm\u00e9e Breznay"
  },
  { "first_name": "Eliza", "last_name": "Rousos", "full_name": "Eliza Rousos" },
  {
    "first_name": "Dagmar",
    "last_name": "Villery",
    "full_name": "Dagmar Villery"
  },
  { "first_name": "Raya", "last_name": "Honie", "full_name": "Raya Honie" },
  { "first_name": "Ard", "last_name": "Grazulis", "full_name": "Ard Grazulis" },
  { "first_name": "Jeron", "last_name": "Glaab", "full_name": "Jeron Glaab" },
  {
    "first_name": "Adrian",
    "last_name": "Martyn",
    "full_name": "Adrian Martyn"
  },
  {
    "first_name": "Cheryl",
    "last_name": "Plappert",
    "full_name": "Cheryl Plappert"
  },
  {
    "first_name": "Wendelien",
    "last_name": "Brzezinski",
    "full_name": "Wendelien Brzezinski"
  },
  {
    "first_name": "Hicham",
    "last_name": "Quebedo",
    "full_name": "Hicham Quebedo"
  },
  {
    "first_name": "Edita",
    "last_name": "Mcaskill",
    "full_name": "Edita Mcaskill"
  },
  {
    "first_name": "Helder",
    "last_name": "Vanlaere",
    "full_name": "Helder Vanlaere"
  },
  {
    "first_name": "Hero",
    "last_name": "Ferriere",
    "full_name": "Hero Ferriere"
  },
  {
    "first_name": "Xuan",
    "last_name": "Mccament",
    "full_name": "Xuan Mccament"
  },
  {
    "first_name": "Rieke",
    "last_name": "Kerstner",
    "full_name": "Rieke Kerstner"
  },
  { "first_name": "Enzo", "last_name": "Hopka", "full_name": "Enzo Hopka" },
  {
    "first_name": "Lorain",
    "last_name": "Reagle",
    "full_name": "Lorain Reagle"
  },
  {
    "first_name": "Cathalijne",
    "last_name": "Newbegin",
    "full_name": "Cathalijne Newbegin"
  },
  { "first_name": "Jing", "last_name": "Carlson", "full_name": "Jing Carlson" },
  { "first_name": "Adi", "last_name": "Berrouet", "full_name": "Adi Berrouet" },
  {
    "first_name": "Chanika",
    "last_name": "Witmer",
    "full_name": "Chanika Witmer"
  },
  { "first_name": "Diogo", "last_name": "Kirch", "full_name": "Diogo Kirch" },
  { "first_name": "Tim", "last_name": "Maltby", "full_name": "Tim Maltby" },
  {
    "first_name": "Sertan",
    "last_name": "Rustad",
    "full_name": "Sertan Rustad"
  },
  {
    "first_name": "Charelle",
    "last_name": "Veile",
    "full_name": "Charelle Veile"
  },
  { "first_name": "Wisal", "last_name": "Baria", "full_name": "Wisal Baria" },
  {
    "first_name": "Thelma",
    "last_name": "Miarecki",
    "full_name": "Thelma Miarecki"
  },
  {
    "first_name": "Wijtske",
    "last_name": "Newhauser",
    "full_name": "Wijtske Newhauser"
  },
  {
    "first_name": "Ivor",
    "last_name": "Rufenacht",
    "full_name": "Ivor Rufenacht"
  },
  {
    "first_name": "Guilliano",
    "last_name": "Moerschel",
    "full_name": "Guilliano Moerschel"
  },
  { "first_name": "Rafik", "last_name": "Covel", "full_name": "Rafik Covel" },
  { "first_name": "Somia", "last_name": "Boore", "full_name": "Somia Boore" },
  {
    "first_name": "Dieuwertje",
    "last_name": "Tollis",
    "full_name": "Dieuwertje Tollis"
  },
  {
    "first_name": "Merlin",
    "last_name": "Weimar",
    "full_name": "Merlin Weimar"
  },
  {
    "first_name": "Aly",
    "last_name": "Kreinberg",
    "full_name": "Aly Kreinberg"
  },
  { "first_name": "Kiek", "last_name": "Stanch", "full_name": "Kiek Stanch" },
  {
    "first_name": "Anne-Marije",
    "last_name": "Fascio",
    "full_name": "Anne-Marije Fascio"
  },
  {
    "first_name": "Katarina",
    "last_name": "Soloway",
    "full_name": "Katarina Soloway"
  },
  {
    "first_name": "Frederique",
    "last_name": "Grau",
    "full_name": "Frederique Grau"
  },
  { "first_name": "Katy", "last_name": "Baros", "full_name": "Katy Baros" },
  {
    "first_name": "Jantiene",
    "last_name": "Peniche",
    "full_name": "Jantiene Peniche"
  },
  {
    "first_name": "Smahane",
    "last_name": "Rinear",
    "full_name": "Smahane Rinear"
  },
  {
    "first_name": "Sheldon",
    "last_name": "Conly",
    "full_name": "Sheldon Conly"
  },
  {
    "first_name": "Sharron",
    "last_name": "Mccox",
    "full_name": "Sharron Mccox"
  },
  { "first_name": "Nigel", "last_name": "Agus", "full_name": "Nigel Agus" },
  {
    "first_name": "Elisha",
    "last_name": "Morian",
    "full_name": "Elisha Morian"
  },
  {
    "first_name": "Demy",
    "last_name": "Canenguez",
    "full_name": "Demy Canenguez"
  },
  { "first_name": "Wolf", "last_name": "Nopper", "full_name": "Wolf Nopper" },
  {
    "first_name": "Sevilay",
    "last_name": "Weyburn",
    "full_name": "Sevilay Weyburn"
  },
  {
    "first_name": "Elizabeth",
    "last_name": "Minh",
    "full_name": "Elizabeth Minh"
  },
  {
    "first_name": "Kaitlyn",
    "last_name": "Zuluaga",
    "full_name": "Kaitlyn Zuluaga"
  },
  {
    "first_name": "\u015e\u00fckr\u00fc",
    "last_name": "Hollenbaugh",
    "full_name": "\u015e\u00fckr\u00fc Hollenbaugh"
  },
  {
    "first_name": "Michell",
    "last_name": "Skvarla",
    "full_name": "Michell Skvarla"
  },
  {
    "first_name": "Marouane",
    "last_name": "Baccellieri",
    "full_name": "Marouane Baccellieri"
  },
  {
    "first_name": "Yassir",
    "last_name": "Belizaire",
    "full_name": "Yassir Belizaire"
  },
  { "first_name": "Gidon", "last_name": "Kircus", "full_name": "Gidon Kircus" },
  { "first_name": "Ewan", "last_name": "Tilly", "full_name": "Ewan Tilly" },
  { "first_name": "Eef", "last_name": "Gurvich", "full_name": "Eef Gurvich" },
  {
    "first_name": "Donya",
    "last_name": "Stinsman",
    "full_name": "Donya Stinsman"
  },
  {
    "first_name": "Marit",
    "last_name": "Commers",
    "full_name": "Marit Commers"
  },
  { "first_name": "Reza", "last_name": "Halmon", "full_name": "Reza Halmon" },
  { "first_name": "Mylo", "last_name": "Schnake", "full_name": "Mylo Schnake" },
  {
    "first_name": "Lauryn",
    "last_name": "Merino",
    "full_name": "Lauryn Merino"
  },
  {
    "first_name": "Annelotte",
    "last_name": "Minato",
    "full_name": "Annelotte Minato"
  },
  { "first_name": "Gerdi", "last_name": "Gerow", "full_name": "Gerdi Gerow" },
  {
    "first_name": "Riccardo",
    "last_name": "Mazurowski",
    "full_name": "Riccardo Mazurowski"
  },
  { "first_name": "Lorette", "last_name": "Gums", "full_name": "Lorette Gums" },
  { "first_name": "Arman", "last_name": "Montis", "full_name": "Arman Montis" },
  { "first_name": "Varun", "last_name": "Dutiel", "full_name": "Varun Dutiel" },
  {
    "first_name": "Seda",
    "last_name": "Tenebruso",
    "full_name": "Seda Tenebruso"
  },
  {
    "first_name": "Pricilla",
    "last_name": "Fechtel",
    "full_name": "Pricilla Fechtel"
  },
  { "first_name": "Ergin", "last_name": "Duback", "full_name": "Ergin Duback" },
  { "first_name": "Jo", "last_name": "Gleyzer", "full_name": "Jo Gleyzer" },
  { "first_name": "Elvire", "last_name": "Romei", "full_name": "Elvire Romei" },
  {
    "first_name": "Abdifatah",
    "last_name": "Ruoff",
    "full_name": "Abdifatah Ruoff"
  },
  { "first_name": "Fons", "last_name": "Kleppe", "full_name": "Fons Kleppe" },
  {
    "first_name": "Cathalina",
    "last_name": "Groen",
    "full_name": "Cathalina Groen"
  },
  {
    "first_name": "Josianne",
    "last_name": "Chromy",
    "full_name": "Josianne Chromy"
  },
  {
    "first_name": "Monir",
    "last_name": "Brittian",
    "full_name": "Monir Brittian"
  },
  {
    "first_name": "Hoda",
    "last_name": "Nofzinger",
    "full_name": "Hoda Nofzinger"
  },
  { "first_name": "Indie", "last_name": "Aakre", "full_name": "Indie Aakre" },
  {
    "first_name": "Samson",
    "last_name": "Lindbom",
    "full_name": "Samson Lindbom"
  },
  { "first_name": "Marie", "last_name": "Menges", "full_name": "Marie Menges" },
  {
    "first_name": "Aaltsje",
    "last_name": "Castenada",
    "full_name": "Aaltsje Castenada"
  },
  { "first_name": "Yalda", "last_name": "Rengel", "full_name": "Yalda Rengel" },
  { "first_name": "Mack", "last_name": "Gabele", "full_name": "Mack Gabele" },
  { "first_name": "Sofia", "last_name": "Loebl", "full_name": "Sofia Loebl" },
  {
    "first_name": "Jelly",
    "last_name": "Paredes",
    "full_name": "Jelly Paredes"
  },
  {
    "first_name": "Adilson",
    "last_name": "Circle",
    "full_name": "Adilson Circle"
  },
  { "first_name": "Alexis", "last_name": "Zompa", "full_name": "Alexis Zompa" },
  { "first_name": "Fem", "last_name": "Dahme", "full_name": "Fem Dahme" },
  {
    "first_name": "Franklin",
    "last_name": "Liberta",
    "full_name": "Franklin Liberta"
  },
  {
    "first_name": "Caner",
    "last_name": "Fantuzzo",
    "full_name": "Caner Fantuzzo"
  },
  {
    "first_name": "Dain",
    "last_name": "Desterle",
    "full_name": "Dain Desterle"
  },
  {
    "first_name": "Aldin",
    "last_name": "Hershelman",
    "full_name": "Aldin Hershelman"
  },
  {
    "first_name": "Jonneke",
    "last_name": "Hinckle",
    "full_name": "Jonneke Hinckle"
  },
  { "first_name": "Alev", "last_name": "Barua", "full_name": "Alev Barua" },
  { "first_name": "Ahalam", "last_name": "Bonny", "full_name": "Ahalam Bonny" },
  {
    "first_name": "Gilles",
    "last_name": "Hilker",
    "full_name": "Gilles Hilker"
  },
  {
    "first_name": "Jamal",
    "last_name": "Zabatta",
    "full_name": "Jamal Zabatta"
  },
  {
    "first_name": "Arnoldus",
    "last_name": "Lesnak",
    "full_name": "Arnoldus Lesnak"
  },
  {
    "first_name": "Pepita",
    "last_name": "Mckeogh",
    "full_name": "Pepita Mckeogh"
  },
  { "first_name": "Mia", "last_name": "Goers", "full_name": "Mia Goers" },
  {
    "first_name": "Zakaria",
    "last_name": "Macafee",
    "full_name": "Zakaria Macafee"
  },
  {
    "first_name": "Franky",
    "last_name": "Purvine",
    "full_name": "Franky Purvine"
  },
  { "first_name": "Orhan", "last_name": "Rymsza", "full_name": "Orhan Rymsza" },
  {
    "first_name": "Ingmar",
    "last_name": "Mccamy",
    "full_name": "Ingmar Mccamy"
  },
  { "first_name": "Brecht", "last_name": "Pacas", "full_name": "Brecht Pacas" },
  {
    "first_name": "Janiek",
    "last_name": "Gorson",
    "full_name": "Janiek Gorson"
  },
  { "first_name": "Saman", "last_name": "Damora", "full_name": "Saman Damora" },
  {
    "first_name": "Phillip",
    "last_name": "Maurello",
    "full_name": "Phillip Maurello"
  },
  { "first_name": "Keziah", "last_name": "Nank", "full_name": "Keziah Nank" },
  {
    "first_name": "Lucian",
    "last_name": "Wolfgang",
    "full_name": "Lucian Wolfgang"
  },
  {
    "first_name": "Mathijs",
    "last_name": "Voith",
    "full_name": "Mathijs Voith"
  },
  {
    "first_name": "Sin\u00e9ad",
    "last_name": "Erler",
    "full_name": "Sin\u00e9ad Erler"
  },
  {
    "first_name": "Soukayna",
    "last_name": "Sjostedt",
    "full_name": "Soukayna Sjostedt"
  },
  {
    "first_name": "Florianne",
    "last_name": "Chevrette",
    "full_name": "Florianne Chevrette"
  },
  {
    "first_name": "Shannen",
    "last_name": "Shumsky",
    "full_name": "Shannen Shumsky"
  },
  {
    "first_name": "Sabrin",
    "last_name": "Crosdale",
    "full_name": "Sabrin Crosdale"
  },
  {
    "first_name": "Babeth",
    "last_name": "Moughan",
    "full_name": "Babeth Moughan"
  },
  {
    "first_name": "Hester",
    "last_name": "Duffany",
    "full_name": "Hester Duffany"
  },
  {
    "first_name": "Florina",
    "last_name": "Melgren",
    "full_name": "Florina Melgren"
  },
  {
    "first_name": "Claire",
    "last_name": "Vessey",
    "full_name": "Claire Vessey"
  },
  {
    "first_name": "Nordin",
    "last_name": "Ireson",
    "full_name": "Nordin Ireson"
  },
  {
    "first_name": "Marlon",
    "last_name": "Heisman",
    "full_name": "Marlon Heisman"
  },
  { "first_name": "Fadumo", "last_name": "Sessa", "full_name": "Fadumo Sessa" },
  {
    "first_name": "Marylou",
    "last_name": "Gurick",
    "full_name": "Marylou Gurick"
  },
  {
    "first_name": "Cyanne",
    "last_name": "Canjura",
    "full_name": "Cyanne Canjura"
  },
  { "first_name": "Caren", "last_name": "Feys", "full_name": "Caren Feys" },
  {
    "first_name": "Liza",
    "last_name": "Martilla",
    "full_name": "Liza Martilla"
  },
  {
    "first_name": "Jacomijn",
    "last_name": "Shakarian",
    "full_name": "Jacomijn Shakarian"
  },
  { "first_name": "Sevgi", "last_name": "Mutter", "full_name": "Sevgi Mutter" },
  {
    "first_name": "Huberta",
    "last_name": "Fokas",
    "full_name": "Huberta Fokas"
  },
  {
    "first_name": "Nathasja",
    "last_name": "Pandolph",
    "full_name": "Nathasja Pandolph"
  },
  {
    "first_name": "Willebrordus",
    "last_name": "Coaker",
    "full_name": "Willebrordus Coaker"
  },
  { "first_name": "Jouke", "last_name": "Baso", "full_name": "Jouke Baso" },
  {
    "first_name": "Thalissa",
    "last_name": "Brau",
    "full_name": "Thalissa Brau"
  },
  {
    "first_name": "Philipp",
    "last_name": "Deblieux",
    "full_name": "Philipp Deblieux"
  },
  {
    "first_name": "Josias",
    "last_name": "Stratemeyer",
    "full_name": "Josias Stratemeyer"
  },
  {
    "first_name": "Safina",
    "last_name": "Scannell",
    "full_name": "Safina Scannell"
  },
  {
    "first_name": "Dyllan",
    "last_name": "Dorsaneo",
    "full_name": "Dyllan Dorsaneo"
  },
  {
    "first_name": "Arlene",
    "last_name": "Zirkel",
    "full_name": "Arlene Zirkel"
  },
  {
    "first_name": "Tjitte",
    "last_name": "Ruckriegel",
    "full_name": "Tjitte Ruckriegel"
  },
  {
    "first_name": "Wolfgang",
    "last_name": "Hinkebein",
    "full_name": "Wolfgang Hinkebein"
  },
  {
    "first_name": "Abigail",
    "last_name": "Ennist",
    "full_name": "Abigail Ennist"
  },
  {
    "first_name": "Lonneke",
    "last_name": "Sillanpaa",
    "full_name": "Lonneke Sillanpaa"
  },
  {
    "first_name": "Izabella",
    "last_name": "Siani",
    "full_name": "Izabella Siani"
  },
  {
    "first_name": "Annelein",
    "last_name": "Noia",
    "full_name": "Annelein Noia"
  },
  {
    "first_name": "Ashana",
    "last_name": "Hoenie",
    "full_name": "Ashana Hoenie"
  },
  { "first_name": "Janien", "last_name": "Schuh", "full_name": "Janien Schuh" },
  {
    "first_name": "Annerie",
    "last_name": "Bastion",
    "full_name": "Annerie Bastion"
  },
  {
    "first_name": "Wijmpje",
    "last_name": "Pflederer",
    "full_name": "Wijmpje Pflederer"
  },
  {
    "first_name": "Z\u00fcbeyde",
    "last_name": "Bohol",
    "full_name": "Z\u00fcbeyde Bohol"
  },
  {
    "first_name": "Jobje",
    "last_name": "Binkley",
    "full_name": "Jobje Binkley"
  },
  {
    "first_name": "Hoang",
    "last_name": "Kemmler",
    "full_name": "Hoang Kemmler"
  },
  {
    "first_name": "Santana",
    "last_name": "Mcentyre",
    "full_name": "Santana Mcentyre"
  },
  {
    "first_name": "Ike",
    "last_name": "Hutchcroft",
    "full_name": "Ike Hutchcroft"
  },
  { "first_name": "Jael", "last_name": "Dudich", "full_name": "Jael Dudich" },
  {
    "first_name": "Damion",
    "last_name": "Goodarzi",
    "full_name": "Damion Goodarzi"
  },
  { "first_name": "Kick", "last_name": "Cargal", "full_name": "Kick Cargal" },
  {
    "first_name": "Manus",
    "last_name": "Guandique",
    "full_name": "Manus Guandique"
  },
  {
    "first_name": "Eleanora",
    "last_name": "Phinisee",
    "full_name": "Eleanora Phinisee"
  },
  {
    "first_name": "Fulya",
    "last_name": "Terpenning",
    "full_name": "Fulya Terpenning"
  },
  {
    "first_name": "Gineke",
    "last_name": "Preiss",
    "full_name": "Gineke Preiss"
  },
  { "first_name": "Jinte", "last_name": "Longhi", "full_name": "Jinte Longhi" },
  {
    "first_name": "Selahattin",
    "last_name": "Voeun",
    "full_name": "Selahattin Voeun"
  },
  {
    "first_name": "Djurre",
    "last_name": "Elfner",
    "full_name": "Djurre Elfner"
  },
  {
    "first_name": "Giomar",
    "last_name": "Pellitteri",
    "full_name": "Giomar Pellitteri"
  },
  { "first_name": "Chiem", "last_name": "Kossen", "full_name": "Chiem Kossen" },
  {
    "first_name": "Marrit",
    "last_name": "Gooder",
    "full_name": "Marrit Gooder"
  },
  {
    "first_name": "Yasmijn",
    "last_name": "Goldenthal",
    "full_name": "Yasmijn Goldenthal"
  },
  {
    "first_name": "Yair",
    "last_name": "Moncrease",
    "full_name": "Yair Moncrease"
  },
  {
    "first_name": "Kelsey",
    "last_name": "Pennant",
    "full_name": "Kelsey Pennant"
  },
  {
    "first_name": "Jannie",
    "last_name": "Molden",
    "full_name": "Jannie Molden"
  },
  {
    "first_name": "Larisa",
    "last_name": "Avilar",
    "full_name": "Larisa Avilar"
  },
  { "first_name": "Rainier", "last_name": "Adan", "full_name": "Rainier Adan" },
  {
    "first_name": "Yessica",
    "last_name": "Ardeljan",
    "full_name": "Yessica Ardeljan"
  },
  { "first_name": "Jorden", "last_name": "Pomp", "full_name": "Jorden Pomp" },
  {
    "first_name": "Jelske",
    "last_name": "Herrscher",
    "full_name": "Jelske Herrscher"
  },
  {
    "first_name": "Mannes",
    "last_name": "Genger",
    "full_name": "Mannes Genger"
  },
  {
    "first_name": "Ileen",
    "last_name": "Biglane",
    "full_name": "Ileen Biglane"
  },
  { "first_name": "Saif", "last_name": "Egstad", "full_name": "Saif Egstad" },
  {
    "first_name": "Abdelkarim",
    "last_name": "Hinkie",
    "full_name": "Abdelkarim Hinkie"
  },
  {
    "first_name": "Joliene",
    "last_name": "Turer",
    "full_name": "Joliene Turer"
  },
  {
    "first_name": "Wobbe",
    "last_name": "Balderson",
    "full_name": "Wobbe Balderson"
  },
  { "first_name": "Beau", "last_name": "Maenza", "full_name": "Beau Maenza" },
  {
    "first_name": "Rieke",
    "last_name": "Stacher",
    "full_name": "Rieke Stacher"
  },
  {
    "first_name": "Danischa",
    "last_name": "Masland",
    "full_name": "Danischa Masland"
  },
  {
    "first_name": "Rio",
    "last_name": "Eichenstein",
    "full_name": "Rio Eichenstein"
  },
  { "first_name": "Jaydan", "last_name": "Brech", "full_name": "Jaydan Brech" },
  {
    "first_name": "Sarafina",
    "last_name": "Frazzini",
    "full_name": "Sarafina Frazzini"
  },
  {
    "first_name": "Shiva",
    "last_name": "Jaccard",
    "full_name": "Shiva Jaccard"
  },
  { "first_name": "Kaan", "last_name": "Baltzer", "full_name": "Kaan Baltzer" },
  { "first_name": "Man", "last_name": "Maniquis", "full_name": "Man Maniquis" },
  { "first_name": "Meis", "last_name": "Cheli", "full_name": "Meis Cheli" },
  { "first_name": "Josse", "last_name": "Leer", "full_name": "Josse Leer" },
  {
    "first_name": "Jeanet",
    "last_name": "Sachetti",
    "full_name": "Jeanet Sachetti"
  },
  {
    "first_name": "Maurits",
    "last_name": "Rettinger",
    "full_name": "Maurits Rettinger"
  },
  { "first_name": "Fausto", "last_name": "Susca", "full_name": "Fausto Susca" },
  {
    "first_name": "Elvira",
    "last_name": "Zastoupil",
    "full_name": "Elvira Zastoupil"
  },
  { "first_name": "Ajdin", "last_name": "Sae", "full_name": "Ajdin Sae" },
  {
    "first_name": "Sad\u00e9",
    "last_name": "Wnukowski",
    "full_name": "Sad\u00e9 Wnukowski"
  },
  {
    "first_name": "Evelyne",
    "last_name": "Meemken",
    "full_name": "Evelyne Meemken"
  },
  {
    "first_name": "T\u00fclay",
    "last_name": "Schenkel",
    "full_name": "T\u00fclay Schenkel"
  },
  {
    "first_name": "Kristel",
    "last_name": "Moyles",
    "full_name": "Kristel Moyles"
  },
  { "first_name": "Demi", "last_name": "Volmert", "full_name": "Demi Volmert" },
  {
    "first_name": "Evelyn",
    "last_name": "Mellusi",
    "full_name": "Evelyn Mellusi"
  },
  {
    "first_name": "Ayg\u00fcl",
    "last_name": "Bullard",
    "full_name": "Ayg\u00fcl Bullard"
  },
  { "first_name": "Lin", "last_name": "Zolton", "full_name": "Lin Zolton" },
  { "first_name": "Daimy", "last_name": "Meche", "full_name": "Daimy Meche" },
  { "first_name": "Mathea", "last_name": "Buron", "full_name": "Mathea Buron" },
  {
    "first_name": "Jeremy",
    "last_name": "Chantler",
    "full_name": "Jeremy Chantler"
  },
  {
    "first_name": "Annoeska",
    "last_name": "Cademartori",
    "full_name": "Annoeska Cademartori"
  },
  {
    "first_name": "Ro\u00eblle",
    "last_name": "Goldbeck",
    "full_name": "Ro\u00eblle Goldbeck"
  },
  { "first_name": "Holger", "last_name": "Sagat", "full_name": "Holger Sagat" },
  { "first_name": "Rory", "last_name": "Sharko", "full_name": "Rory Sharko" },
  {
    "first_name": "Racha",
    "last_name": "Englebright",
    "full_name": "Racha Englebright"
  },
  {
    "first_name": "Pakize",
    "last_name": "Truglio",
    "full_name": "Pakize Truglio"
  },
  {
    "first_name": "Anjuli",
    "last_name": "Meregildo",
    "full_name": "Anjuli Meregildo"
  },
  {
    "first_name": "Sanela",
    "last_name": "Pampuch",
    "full_name": "Sanela Pampuch"
  },
  {
    "first_name": "Matti",
    "last_name": "Lerdahl",
    "full_name": "Matti Lerdahl"
  },
  {
    "first_name": "Resa",
    "last_name": "Dykgraaf",
    "full_name": "Resa Dykgraaf"
  },
  {
    "first_name": "G\u00fclsen",
    "last_name": "Palaski",
    "full_name": "G\u00fclsen Palaski"
  },
  {
    "first_name": "Chanique",
    "last_name": "Riegger",
    "full_name": "Chanique Riegger"
  },
  {
    "first_name": "Sippie",
    "last_name": "Niessner",
    "full_name": "Sippie Niessner"
  },
  {
    "first_name": "Irving",
    "last_name": "Antholz",
    "full_name": "Irving Antholz"
  },
  {
    "first_name": "Jantje",
    "last_name": "Feaser",
    "full_name": "Jantje Feaser"
  },
  { "first_name": "Saad", "last_name": "Lauture", "full_name": "Saad Lauture" },
  { "first_name": "Tuna", "last_name": "Uto", "full_name": "Tuna Uto" },
  { "first_name": "Silvy", "last_name": "Qiang", "full_name": "Silvy Qiang" },
  {
    "first_name": "\u00dcmm\u00fcg\u00fcls\u00fcm",
    "last_name": "Drilling",
    "full_name": "\u00dcmm\u00fcg\u00fcls\u00fcm Drilling"
  },
  { "first_name": "Shauna", "last_name": "Toba", "full_name": "Shauna Toba" },
  {
    "first_name": "Birol",
    "last_name": "Dodgson",
    "full_name": "Birol Dodgson"
  },
  { "first_name": "Puk", "last_name": "Vivio", "full_name": "Puk Vivio" },
  {
    "first_name": "Ellemieke",
    "last_name": "Diazrodriguez",
    "full_name": "Ellemieke Diazrodriguez"
  },
  { "first_name": "Suad", "last_name": "Brotzge", "full_name": "Suad Brotzge" },
  {
    "first_name": "Anam",
    "last_name": "Sternhagen",
    "full_name": "Anam Sternhagen"
  },
  {
    "first_name": "Jaafar",
    "last_name": "Miyazawa",
    "full_name": "Jaafar Miyazawa"
  },
  {
    "first_name": "Elizabet",
    "last_name": "Marafino",
    "full_name": "Elizabet Marafino"
  },
  { "first_name": "Sevda", "last_name": "Lehrer", "full_name": "Sevda Lehrer" },
  { "first_name": "Iddo", "last_name": "Vakili", "full_name": "Iddo Vakili" },
  {
    "first_name": "Fennechien",
    "last_name": "Lechene",
    "full_name": "Fennechien Lechene"
  },
  { "first_name": "Sania", "last_name": "Haine", "full_name": "Sania Haine" },
  {
    "first_name": "Ouail",
    "last_name": "Helgesen",
    "full_name": "Ouail Helgesen"
  },
  {
    "first_name": "Jantje",
    "last_name": "Convey",
    "full_name": "Jantje Convey"
  },
  {
    "first_name": "Emirhan",
    "last_name": "Crumby",
    "full_name": "Emirhan Crumby"
  },
  {
    "first_name": "Leonard",
    "last_name": "Kantorowski",
    "full_name": "Leonard Kantorowski"
  },
  {
    "first_name": "Miloe",
    "last_name": "Moncivais",
    "full_name": "Miloe Moncivais"
  },
  {
    "first_name": "Barbera",
    "last_name": "Mcgirt",
    "full_name": "Barbera Mcgirt"
  },
  { "first_name": "Shaina", "last_name": "Ariz", "full_name": "Shaina Ariz" },
  {
    "first_name": "Nivard",
    "last_name": "Azzalina",
    "full_name": "Nivard Azzalina"
  },
  {
    "first_name": "Majella",
    "last_name": "Kreger",
    "full_name": "Majella Kreger"
  },
  {
    "first_name": "Jona",
    "last_name": "Betterly",
    "full_name": "Jona Betterly"
  },
  {
    "first_name": "Jonna",
    "last_name": "Sicuranza",
    "full_name": "Jonna Sicuranza"
  },
  {
    "first_name": "Bu\u015fra",
    "last_name": "Engelman",
    "full_name": "Bu\u015fra Engelman"
  },
  {
    "first_name": "Lauretta",
    "last_name": "Vizzard",
    "full_name": "Lauretta Vizzard"
  },
  {
    "first_name": "Noel",
    "last_name": "Eversgerd",
    "full_name": "Noel Eversgerd"
  },
  {
    "first_name": "Jaydon",
    "last_name": "Purpora",
    "full_name": "Jaydon Purpora"
  },
  {
    "first_name": "Yo\u00ebll",
    "last_name": "Theel",
    "full_name": "Yo\u00ebll Theel"
  },
  {
    "first_name": "Janno",
    "last_name": "Scheese",
    "full_name": "Janno Scheese"
  },
  { "first_name": "Jaiden", "last_name": "Pappa", "full_name": "Jaiden Pappa" },
  { "first_name": "Adib", "last_name": "Lehnerz", "full_name": "Adib Lehnerz" },
  {
    "first_name": "Sanae",
    "last_name": "Taussig",
    "full_name": "Sanae Taussig"
  },
  {
    "first_name": "Asl\u0131",
    "last_name": "Arvidson",
    "full_name": "Asl\u0131 Arvidson"
  },
  { "first_name": "Amber", "last_name": "Semere", "full_name": "Amber Semere" },
  {
    "first_name": "Amrish",
    "last_name": "Yasuhara",
    "full_name": "Amrish Yasuhara"
  },
  {
    "first_name": "Astrando",
    "last_name": "Stansky",
    "full_name": "Astrando Stansky"
  },
  { "first_name": "Ashanti", "last_name": "Awes", "full_name": "Ashanti Awes" },
  {
    "first_name": "Linsey",
    "last_name": "Brandle",
    "full_name": "Linsey Brandle"
  },
  {
    "first_name": "Asl\u0131",
    "last_name": "Goldin",
    "full_name": "Asl\u0131 Goldin"
  },
  {
    "first_name": "Loran",
    "last_name": "Updegraff",
    "full_name": "Loran Updegraff"
  },
  { "first_name": "Sonay", "last_name": "Girman", "full_name": "Sonay Girman" },
  {
    "first_name": "Chanell",
    "last_name": "Miloro",
    "full_name": "Chanell Miloro"
  },
  {
    "first_name": "Delicia",
    "last_name": "Gruner",
    "full_name": "Delicia Gruner"
  },
  {
    "first_name": "Darnell",
    "last_name": "Wisham",
    "full_name": "Darnell Wisham"
  },
  { "first_name": "Rim", "last_name": "Wallach", "full_name": "Rim Wallach" },
  {
    "first_name": "Esmee",
    "last_name": "Schanilec",
    "full_name": "Esmee Schanilec"
  },
  {
    "first_name": "Sayenna",
    "last_name": "Tobben",
    "full_name": "Sayenna Tobben"
  },
  { "first_name": "Baruch", "last_name": "Koy", "full_name": "Baruch Koy" },
  {
    "first_name": "\u00d6zhan",
    "last_name": "Raccuia",
    "full_name": "\u00d6zhan Raccuia"
  },
  {
    "first_name": "Reineke",
    "last_name": "Gadley",
    "full_name": "Reineke Gadley"
  },
  {
    "first_name": "Sieuwerd",
    "last_name": "Leska",
    "full_name": "Sieuwerd Leska"
  },
  {
    "first_name": "Shayenna",
    "last_name": "Pagliai",
    "full_name": "Shayenna Pagliai"
  },
  {
    "first_name": "Kiana",
    "last_name": "Tashird",
    "full_name": "Kiana Tashird"
  },
  {
    "first_name": "Luck",
    "last_name": "Colantuono",
    "full_name": "Luck Colantuono"
  },
  {
    "first_name": "Harmanna",
    "last_name": "Hinnant",
    "full_name": "Harmanna Hinnant"
  },
  {
    "first_name": "Leander",
    "last_name": "Grammar",
    "full_name": "Leander Grammar"
  }
]
